Collection ID,Form ID,State,Year,Serial_agar_dilution for creating the model  (N= 20),Field,County,hyphal_tip (ht),DNA Extraction,Location of field,Size of field (acres),Percentage Affected,History,Number of Years,Fungicide This Year,Chemigation,Applied for White Mold,Products,Timing,Pre-2015 Fungicides,Number of Years,Products: Soybean,Timing: Soybean,Notes,Apparently low sensitiviy
,Sc15-MTCLM-09-TR27-01,MI,2015,No,trial,Montcalm,No,No,"43.352 N, 85.178 W",,,,,,,,Aproach SC Induce,9 fl oz/A 0.25% v/v,"R1, R3",,,,,
,Sc15-MTCLM-09-TR27-02,MI,2015,No,trial,Montcalm,No,No,"43.352 N, 85.178 W",,,,,,,,Aproach SC Induce,9 fl oz/A 0.25% v/v,"R1, R3",,,,,
,Sc15-MTCLM-09-TR27-03,MI,2015,No,trial,Montcalm,No,No,"43.352 N, 85.178 W",,,,,,,,Aproach SC Induce,9 fl oz/A 0.25% v/v,"R1, R3",,,,,
,Sc15-MTCLM-09-TR27-04,MI,2015,No,trial,Montcalm,No,No,"43.352 N, 85.178 W",,,,,,,,Aproach SC Induce,9 fl oz/A 0.25% v/v,"R1, R3",,,,,
,Sc15-MTCLM-09-TR27-05,MI,2015,No,trial,Montcalm,No,No,"43.352 N, 85.178 W",,,,,,,,Aproach SC Induce,9 fl oz/A 0.25% v/v,"R1, R3",,,,,
,Sc15-MTCLM-09-TR27-06,MI,2015,No,trial,Montcalm,No,No,"43.352 N, 85.178 W",,,,,,,,Aproach SC Induce,9 fl oz/A 0.25% v/v,"R1, R3",,,,,
,Sc15-MTCLM-09-TR27-07,MI,2015,No,trial,Montcalm,No,No,"43.352 N, 85.178 W",,,,,,,,Aproach SC Induce,9 fl oz/A 0.25% v/v,"R1, R3",,,,,
,Sc15-MTCLM-56-TR27-01,MI,2015,No,trial,Montcalm,No,No,"43.352 N, 85.178 W",,,,,,,,Aproach SC Induce,9 fl oz/A 0.25% v/v,"R1, R3",,,,,
,Sc15-MTCLM-56-TR27-02,MI,2015,No,trial,Montcalm,No,No,"43.352 N, 85.178 W",,,,,,,,Aproach SC Induce,9 fl oz/A 0.25% v/v,"R1, R3",,,,,
,Sc15-MTCLM-56-TR27-03,MI,2015,No,trial,Montcalm,No,No,"43.352 N, 85.178 W",,,,,,,,Aproach SC Induce,9 fl oz/A 0.25% v/v,"R1, R3",,,,,
,Sc15-MTCLM-56-TR27-04,MI,2015,No,trial,Montcalm,No,No,"43.352 N, 85.178 W",,,,,,,,Aproach SC Induce,9 fl oz/A 0.25% v/v,"R1, R3",,,,,
,Sc15-MTCLM-56-TR27-05,MI,2015,No,trial,Montcalm,No,No,"43.352 N, 85.178 W",,,,,,,,Aproach SC Induce,9 fl oz/A 0.25% v/v,"R1, R3",,,,,
,Sc15-MTCLM-56-TR27-06,MI,2015,No,trial,Montcalm,No,No,"43.352 N, 85.178 W",,,,,,,,Aproach SC Induce,9 fl oz/A 0.25% v/v,"R1, R3",,,,,
,Sc15-MTCLM-56-TR27-07,MI,2015,No,trial,Montcalm,No,No,"43.352 N, 85.178 W",,,,,,,,Aproach SC Induce,9 fl oz/A 0.25% v/v,"R1, R3",,,,,
,Sc15-MTCLM-56-TR27-08,MI,2015,No,trial,Montcalm,No,No,"43.352 N, 85.178 W",,,,,,,,Aproach SC Induce,9 fl oz/A 0.25% v/v,"R1, R3",,,,,
,Sc15-MTCLM-56-TR27-09,MI,2015,No,trial,Montcalm,No,No,"43.352 N, 85.178 W",,,,,,,,Aproach SC Induce,9 fl oz/A 0.25% v/v,"R1, R3",,,,,
,Sc15-MTCLM-56-TR27-10,MI,2015,No,trial,Montcalm,No,No,"43.352 N, 85.178 W",,,,,,,,Aproach SC Induce,9 fl oz/A 0.25% v/v,"R1, R3",,,,,
,Sc15-MTCLM-105-TR27-01,MI,2015,No,trial,Montcalm,No,No,"43.352 N, 85.178 W",,,,,,,,Aproach SC Induce,9 fl oz/A 0.25% v/v,"R1, R3",,,,,
,Sc15-MTCLM-105-TR27-02,MI,2015,No,trial,Montcalm,No,No,"43.352 N, 85.178 W",,,,,,,,Aproach SC Induce,9 fl oz/A 0.25% v/v,"R1, R3",,,,,
,Sc15-MTCLM-105-TR27-03,MI,2015,No,trial,Montcalm,No,No,"43.352 N, 85.178 W",,,,,,,,Aproach SC Induce,9 fl oz/A 0.25% v/v,"R1, R3",,,,,
,Sc15-MTCLM-105-TR27-04,MI,2015,No,trial,Montcalm,No,No,"43.352 N, 85.178 W",,,,,,,,Aproach SC Induce,9 fl oz/A 0.25% v/v,"R1, R3",,,,,
,Sc15-MTCLM-105-TR27-05,MI,2015,No,trial,Montcalm,No,No,"43.352 N, 85.178 W",,,,,,,,Aproach SC Induce,9 fl oz/A 0.25% v/v,"R1, R3",,,,,
,Sc15-MTCLM-105-TR27-06,MI,2015,No,trial,Montcalm,No,No,"43.352 N, 85.178 W",,,,,,,,Aproach SC Induce,9 fl oz/A 0.25% v/v,"R1, R3",,,,,
,Sc15-MTCLM-105-TR27-07,MI,2015,No,trial,Montcalm,No,No,"43.352 N, 85.178 W",,,,,,,,Aproach SC Induce,9 fl oz/A 0.25% v/v,"R1, R3",,,,,
,Sc15-MTCLM-105-TR27-08,MI,2015,No,trial,Montcalm,No,No,"43.352 N, 85.178 W",,,,,,,,Aproach SC Induce,9 fl oz/A 0.25% v/v,"R1, R3",,,,,
,Sc15-MTCLM-105-TR27-09,MI,2015,No,trial,Montcalm,No,No,"43.352 N, 85.178 W",,,,,,,,Aproach SC Induce,9 fl oz/A 0.25% v/v,"R1, R3",,,,,
,Sc15-MTCLM-105-TR27-10,MI,2015,No,trial,Montcalm,No,No,"43.352 N, 85.178 W",,,,,,,,Aproach SC Induce,9 fl oz/A 0.25% v/v,"R1, R3",,,,,
,Sc15-MTCLM-144-TR27-01,MI,2015,No,trial,Montcalm,No,No,"43.352 N, 85.178 W",,,,,,,,Aproach SC Induce,9 fl oz/A 0.25% v/v,"R1, R3",,,,,
,Sc15-MTCLM-144-TR27-02,MI,2015,No,trial,Montcalm,No,No,"43.352 N, 85.178 W",,,,,,,,Aproach SC Induce,9 fl oz/A 0.25% v/v,"R1, R3",,,,,
,Sc15-MTCLM-144-TR27-03,MI,2015,No,trial,Montcalm,No,No,"43.352 N, 85.178 W",,,,,,,,Aproach SC Induce,9 fl oz/A 0.25% v/v,"R1, R3",,,,,
,Sc15-MTCLM-144-TR27-04,MI,2015,No,trial,Montcalm,No,No,"43.352 N, 85.178 W",,,,,,,,Aproach SC Induce,9 fl oz/A 0.25% v/v,"R1, R3",,,,,
,Sc15-MTCLM-144-TR27-05,MI,2015,No,trial,Montcalm,No,No,"43.352 N, 85.178 W",,,,,,,,Aproach SC Induce,9 fl oz/A 0.25% v/v,"R1, R3",,,,,
,Sc15-MTCLM-144-TR27-06,MI,2015,No,trial,Montcalm,No,No,"43.352 N, 85.178 W",,,,,,,,Aproach SC Induce,9 fl oz/A 0.25% v/v,"R1, R3",,,,,
,Sc15-MTCLM-144-TR27-07,MI,2015,No,trial,Montcalm,No,No,"43.352 N, 85.178 W",,,,,,,,Aproach SC Induce,9 fl oz/A 0.25% v/v,"R1, R3",,,,,
,Sc15-MTCLM-144-TR27-08,MI,2015,No,trial,Montcalm,No,No,"43.352 N, 85.178 W",,,,,,,,Aproach SC Induce,9 fl oz/A 0.25% v/v,"R1, R3",,,,,
,Sc15-MTCLM-156-TR27-01,MI,2015,No,trial,Montcalm,No,No,"43.352 N, 85.178 W",,,,,,,,Aproach SC Induce,9 fl oz/A 0.25% v/v,"R1, R3",,,,,
,Sc15-MTCLM-156-TR27-02,MI,2015,No,trial,Montcalm,No,No,"43.352 N, 85.178 W",,,,,,,,Aproach SC Induce,9 fl oz/A 0.25% v/v,"R1, R3",,,,,
,Sc15-MTCLM-156-TR27-03,MI,2015,No,trial,Montcalm,No,No,"43.352 N, 85.178 W",,,,,,,,Aproach SC Induce,9 fl oz/A 0.25% v/v,"R1, R3",,,,,
,Sc15-MTCLM-156-TR27-04,MI,2015,No,trial,Montcalm,No,No,"43.352 N, 85.178 W",,,,,,,,Aproach SC Induce,9 fl oz/A 0.25% v/v,"R1, R3",,,,,
,Sc15-MTCLM-156-TR27-05,MI,2015,No,trial,Montcalm,No,No,"43.352 N, 85.178 W",,,,,,,,Aproach SC Induce,9 fl oz/A 0.25% v/v,"R1, R3",,,,,
,Sc15-MTCLM-156-TR27-06,MI,2015,No,trial,Montcalm,No,No,"43.352 N, 85.178 W",,,,,,,,Aproach SC Induce,9 fl oz/A 0.25% v/v,"R1, R3",,,,,
,Sc15-MTCLM-156-TR27-07,MI,2015,No,trial,Montcalm,No,No,"43.352 N, 85.178 W",,,,,,,,Aproach SC Induce,9 fl oz/A 0.25% v/v,"R1, R3",,,,,
,Sc15-MTCLM-156-TR27-08,MI,2015,No,trial,Montcalm,No,No,"43.352 N, 85.178 W",,,,,,,,Aproach SC Induce,9 fl oz/A 0.25% v/v,"R1, R3",,,,,
,Sc15-MTCLM-156-TR27-09,MI,2015,No,trial,Montcalm,No,No,"43.352 N, 85.178 W",,,,,,,,Aproach SC Induce,9 fl oz/A 0.25% v/v,"R1, R3",,,,,
,Sc15-MTCLM-156-TR27-10,MI,2015,No,trial,Montcalm,No,No,"43.352 N, 85.178 W",,,,,,,,Aproach SC Induce,9 fl oz/A 0.25% v/v,"R1, R3",,,,,
,Sc15-MTCLM-118-TR31-01,MI,2015,No,trial,Montcalm,No,No,"43.352 N, 85.178 W",,,,,,,,Endura Induce,8 oz/A 0.25% v/v,R1,,,,,
,Sc15-MTCLM-118-TR31-02,MI,2015,No,trial,Montcalm,No,No,"43.352 N, 85.178 W",,,,,,,,Endura Induce,8 oz/A 0.25% v/v,R1,,,,,
,Sc15-MTCLM-118-TR31-03,MI,2015,No,trial,Montcalm,No,No,"43.352 N, 85.178 W",,,,,,,,Endura Induce,8 oz/A 0.25% v/v,R1,,,,,
,Sc15-MTCLM-118-TR31-04,MI,2015,No,trial,Montcalm,No,No,"43.352 N, 85.178 W",,,,,,,,Endura Induce,8 oz/A 0.25% v/v,R1,,,,,
,Sc15-MTCLM-118-TR31-05,MI,2015,No,trial,Montcalm,No,No,"43.352 N, 85.178 W",,,,,,,,Endura Induce,8 oz/A 0.25% v/v,R1,,,,,
,Sc15-MTCLM-118-TR31-06,MI,2015,No,trial,Montcalm,No,No,"43.352 N, 85.178 W",,,,,,,,Endura Induce,8 oz/A 0.25% v/v,R1,,,,,
,Sc15-MTCLM-118-TR31-07,MI,2015,No,trial,Montcalm,No,No,"43.352 N, 85.178 W",,,,,,,,Endura Induce,8 oz/A 0.25% v/v,R1,,,,,
,Sc15-MTCLM-118-TR31-08,MI,2015,No,trial,Montcalm,No,No,"43.352 N, 85.178 W",,,,,,,,Endura Induce,8 oz/A 0.25% v/v,R1,,,,,
,Sc15-MTCLM-118-TR31-10,MI,2015,No,trial,Montcalm,No,No,"43.352 N, 85.178 W",,,,,,,,Endura Induce,8 oz/A 0.25% v/v,R1,,,,,
,IA1,IA,2015,No,trial,Howard,No,No,"43.212903N, 92.175679W",,,,,,,,No_info,,,,,,,
,IA2,IA,2015,No,trial,Chickasaw,No,No,"43.00769 N, 92.31171W",,,,,,,,No_info,,,,,,,
,IA3,IA,2015,No,trial,Floyd,No,No,"42.936215 N, 92.569856W",,,,,,,,No_info,,,,,,,
,IA4,IA,2015,No,trial,Floyd,No,No,"42.936215 N, 92.569857 W",,,,,,,,No_info,,,,,,,
,IA5,IA,2015,No,trial,Story,No,No,"42.005131 N, 93.660359 W",,,,,,,,No_info,,,,,,,
,IA6,IA,2015,No,trial,Story,No,No,"42.005131 N, 93.660360 W",,,,,,,,No_info,,,,,,,
,IA7,IA,2015,No,trial,Story,No,No,"42.005131N, 93.660361 W",,,,,,,,No_info,,,,,,,
,IA8,IA,2015,No,trial,Story,No,No,"42.005131N, 93.660362W",,,,,,,,No_info,,,,,,,
,IA9,IA,2015,No,trial,Story,No,No,"42.005131 N, 93.660363 W",,,,,,,,No_info,,,,,,,
,IA10,IA,2015,No,trial,Shelby,No,No,"41.836189 N, 95.198043W",,,,,,,,No_info,,,,,,,
,IA11,IA,2015,No,trial,Shelby,No,No,"41.836189 N, 95.198044W",,,,,,,,No_info,,,,,,,
,IA12,IA,2015,No,trial,Shelby,Yes,Yes,"41.836189 N, 95.198045 W",,,,,,,,No_info,,,,,,,
,IA13,IA,2015,No,trial,Shelby,No,Yes,"41.836189 N, 95.198046W",,,,,,,,No_info,,,,,,,
,IA14,IA,2015,No,trial,Shelby,Yes,Yes,"41.836189 N, 95.198047 W",,,,,,,,No_info,,,,,,,
,IA15,IA,2015,No,trial,Shelby,Yes,Yes,"41.836189 N, 95.198048 W",,,,,,,,No_info,,,,,,,
,IA16,IA,2015,No,trial,Shelby,Yes,Yes,"41.836189 N, 95.198049 W",,,,,,,,No_info,,,,,,,
,IA17,IA,2015,No,trial,Shelby,No,Yes,"41.836189 N, 95.198050 W",,,,,,,,No_info,,,,,,,
,IA18,IA,2015,No,trial,Shelby,No,Yes,"41.836189N , 95.198051 W",,,,,,,,No_info,,,,,,,
,IA19,IA,2015,No,trial,Shelby,No,No,"41.836189 N, 95.198052 W",,,,,,,,No_info,,,,,,,
,WM 1 Cerny 2,WI,2015,No,trial,Rock,No,No,"42.53112 N, 88.64274W",,Y,Aproach @ R1,mild,,,,,,,,,,,
,WM 2 Cerny 2,WI,2015,No,trial,Rock,No,No,"42.53112 N, 88.64274W",,Y,Aproach @ R1,mild,,,,,,,,,,,Picoxystrobin
,WM 1 Cerny,WI,2015,No,trial,Rock,Yes,Yes,"42.52976N, 88.69540W",,Y,Aproach @ R1,mild,,,,,,,,,,,
,WM 2 Cerny,WI,2015,No,trial,Rock,Yes,Yes,"42.52976N, 88.69540W",,Y,Aproach @ R1,mild,,,,,,,,,,,Picoxystrobin
,WM 3 Cerny,WI,2015,No,trial,Rock,Yes,Yes,"42.52976N, 88.69540W",,Y,Aproach @ R1,mild,,,,,,,,,,,
,WM 4 Cerny,WI,2015,No,trial,Rock,Yes,No,"42.52976 N, 88.69540W",,Y,Aproach @ R1,mild,,,,,,,,,,,
,WM 5 Cerny,WI,2015,No,trial,Rock,Yes,Yes,"42.52976 N, 88.69540 W",,Y,Aproach @ R1,mild,,,,,,,,,,,
,WM 6 Cerny,WI,2015,No,trial,Rock,Yes,Yes,"42.52976 N, 88.69540W",,Y,Aproach @ R1,mild,,,,,,,,,,,
,WM 7 Cerny,WI,2015,No,trial,Rock,Yes,Yes,"42.52976 N, 88.69540W",,Y,Aproach @ R1,mild,,,,,,,,,,,
,WM 8 Cerny,WI,2015,No,trial,Rock,Yes,Yes,"42.52976  N, 88.69540W",,Y,Aproach @ R1,mild,,,,,,,,,,,
,WM 9 Cerny,WI,2015,Yes,trial,Rock,Yes,Yes,"42.52976 N, 88.69540W",,Y,Aproach @ R1,mild,,,,,,,,,,,
,WM 10 Cerny,WI,2015,No,trial,Rock,Yes,Yes,"42.52976 N, 88.69540 W",,Y,Aproach @ R1,mild,,,,,,,,,,,
,109-1,WI,2015,No,trial,Waushara,No,No,"44.11310 N, 89.544736W",,Y,Topsin 20 fl oz/ a @ R1,mild to moderate,,,,,,,,,,HARS 15208,
,421,WI,2015,No,trial,Waushara,Yes,No,"44.11310 N, 89.544736 W",,N,Non Treated Check (NTC),mild to moderate,,,,,,,,,,HARS 15209,boscalid
,414,WI,2015,No,trial,Waushara,Yes,Yes,"44.11310 N, 89.544736 W",,Y,Aproach 9 fl oz/ a @ R1 and R3,mild to moderate,,,,,,,,,,HARS 15210,
,419,WI,2015,No,trial,Waushara,Yes,Yes,"44.11310 N, 89.544736 W",,Y,Endura 8 fl oz/a @ R1,mild to moderate,,,,,,,,,,HARS 15211,
,413,WI,2015,No,trial,Waushara,Yes,No,"44.11310 N, 89.544736 W",,Y,Topsin 20 fl oz/ a @ R1,mild to moderate,,,,,,,,,,HARS 15213,
,205,WI,2015,No,trial,Waushara,Yes,No,"44.11310 N, 89.544736 W",,N,NTC,mild to moderate,,,,,,,,,,HARS 15215,
,212,WI,2015,No,trial,Waushara,Yes,Yes,"44.11310 N, 89.544736 W",,Y,Topsin 20 fl oz/ a @ R1,mild to moderate,,,,,,,,,,HARS 15216,
,302,WI,2015,No,trial,Waushara,No,No,"44.11310 N, 89.544736 W",,Y,Aproach 9 fl oz/ a @ R1 and R3,mild to moderate,,,,,,,,,,HARS 15217,
,318,WI,2015,No,trial,Waushara,Yes,Yes,"44.11310 N, 89.544736 W",,Y,Topsin 20 fl oz/ a @ R1,mild to moderate,,,,,,,,,,HARS 15218,
,315,WI,2015,No,trial,Waushara,No,No,"44.11310 N, 89.544736W",,Y,Endura 8 fl oz/a @ R1,mild to moderate,,,,,,,,,,HARS 15219,
1025,,IA,2016,No,trial,Polk,Yes,No,"41.5904 N,93.3835 W",,,Johnston Treatment #8 Plot 403 Stratego YLD at R3 (see special notes),,,,,,,,,,,,
1026,,IA,2016,No,trial,Polk,Yes,No,"41.5904 N,93.3835 W",,,Johnston Treatment #4 Plot 402 Priaxor  at R1 (see special notes),,,,,,,,,,,,
1027,,IA,2016,No,trial,Polk,Yes,No,"41.5904 N,93.3835 W",,,Johnston Treatment #2 Plot 304 Topguard at R1 (see special notes),,,,,,,,,,,,
1028,,IA,2016,No,trial,Polk,No,No,"41.5904 N,93.3835 W",,,Johnston Treatment #7 Plot 302 Priaxor at R1 (see special notes),,,,,,,,,,,,
1029,,IA,2016,No,trial,Polk,Yes,No,"41.5904 N,93.3835 W",,,Johnston Treatment #3 Plot 301 Headline at R1 (see special notes),,,,,,,,,,,,
1030,,IA,2016,No,trial,Polk,No,No,"41.5904 N,93.3835 W",,,Johnston Treatment #9 Plot 204 Quadris Top SBX at R3 (see special notes),,,,,,,,,,,,
1031,,IA,2016,No,trial,Polk,No,No,"41.5904 N,93.3835 W",,,Johnston Treatment #3 Plot 202 Headline at R1 (see special notes),,,,,,,,,,,,
1032,,IA,2016,No,trial,Polk,Yes,No,"41.5904 N,93.3835 W",,,Johnston Treatment #4 Plot 104 Priaxor at R1 (see special notes),,,,,,,,,,,,
1033,,IA,2016,No,trial,Polk,Yes,No,"41.5904 N,93.3835 W",,,Johnston Treatment #3 Plot 103 Headline at R1 (see special notes),,,,,,,,,,,,
1034,,IA,2016,No,trial,Polk,Yes,No,"41.5904 N,93.3835 W",,,Johnston Treatment #2 Plot 102 Topguard at R1 (see special notes),,,,,,,,,,,,
1035,,IA,2016,No,trial,Polk,Yes,No,"41.5904 N,93.3835 W",,,Johnston Treatment #5 Plot 404 Topguard at R3 (see special notes),,,,,,,,,,,,
1036,,IA,2016,No,trial,Floyd,Yes,No,"42.931478 N, 92.574870 W",,,"Nashua Treatment #3 Sample #1 10-21-16 (ILEVO-fluopyram, seedtreatment)",,,,,,,,,,,,
1037,,IA,2016,No,trial,Floyd,Yes,No,"42.931478 N, 92.574870 W",,,"Nashua Treatment #3 Sample #2 10-21-16 (ILEVO-fluopyram, seedtreatment)",,,,,,,,,,,,
1038,,IA,2016,No,trial,Floyd,Yes,No,"42.931478 N, 92.574870 W",,,"Nashua Treatment #3 Sample #3 10-21-16 (ILEVO-fluopyram, seedtreatment)",,,,,,,,,,,,
1039,,IA,2016,No,trial,Floyd,Yes,No,"42.931478 N, 92.574870 W",,,"Nashua Treatment #3 Sample #4 10-24-16 (ILEVO-fluopyram, seedtreatment)",,,,,,,,,,,,
1040,,IA,2016,No,trial,Floyd,Yes,No,"42.931478 N, 92.574870 W",,,"Nashua Treatment #3 Sample #5 10-24-16 (ILEVO-fluopyram, seedtreatment)",,,,,,,,,,,,
1041,,IA,2016,No,trial,Floyd,Yes,No,"42.931478 N, 92.574870 W",,,"Nashua  Sample #6 (ILEVO-fluopyram, seedtreatment)",,,,,,,,,,,,
1042,,IA,2016,No,trial,Floyd,No,No,"42.931478 N, 92.574870 W",,,"Nashua Treatment #3 Sample #7 10-24-16 (ILEVO-fluopyram, seedtreatment)",,,,,,,,,,,,
1043,,IA,2016,No,trial,Floyd,Yes,No,"42.931478 N, 92.574870 W",,,"Nashua Treatment #3 Sample #8 10-24-16 (ILEVO-fluopyram, seedtreatment)",,,,,,,,,,,,
1044,,IA,2016,No,trial,Floyd,No,No,"42.931478 N, 92.574870 W",,,"Nashua Treatment #3 Sample #11 10-24-16 (ILEVO-fluopyram, seedtreatment)",,,,,,,,,,,,
1045,,IA,2016,No,trial,Floyd,Yes,No,"42.931478 N, 92.574870 W",,,"Nashua  Sample #10  (ILEVO-fluopyram, seedtreatment)",,,,,,,,,,,,
1046,,IA,2016,No,trial,Floyd,Yes,No,"42.931478 N, 92.574870 W",,,"Nashua Treatment #3 Sample #9 10-24-16 (ILEVO-fluopyram, seedtreatment)",,,,,,,,,,,,
1047,,IA,2016,No,trial,Floyd,Yes,No,"42.931478 N, 92.574870 W",,,Nashua untreated Sample #11 10-21-16 (see special notes),,,,,,,,,,,,
1050,,IA,2016,No,trial,Floyd,Yes,No,"42.931478 N, 92.574870 W",,,Nashua untreated Sample #8 10-21-16 (see special notes),,,,,,,,,,,,
1051,,IA,2016,No,trial,Floyd,No,No,"42.931478 N, 92.574870 W",,,Nashua untreated Sample #7 10-21-16 (see special notes),,,,,,,,,,,,
1052,,IA,2016,No,trial,Floyd,Yes,No,"42.931478 N, 92.574870 W",,,Nashua untreated Sample #6 10-21-16 (see special notes),,,,,,,,,,,,
1053,,IA,2016,No,trial,Floyd,Yes,No,"42.931478 N, 92.574870 W",,,Nashua untreated Sample #5 10-21-16 (see special notes),,,,,,,,,,,,
1054,,IA,2016,No,trial,Floyd,Yes,No,"42.931478 N, 92.574870 W",,,Nashua untreated Sample #4 10-21-16 (see special notes),,,,,,,,,,,,
1055,,IA,2016,No,trial,Floyd,Yes,No,"42.931478 N, 92.574870 W",,,Nashua untreated Sample #3 10-21-16 (see special notes),,,,,,,,,,,,
1056,,IA,2016,No,trial,Floyd,Yes,No,"42.931478 N, 92.574870 W",,,Nashua untreated Sample #2 10-21-16 (see special notes),,,,,,,,,,,,
1057,,IA,2016,No,trial,Floyd,Yes,No,"42.931478 N, 92.574870 W",,,Nashua untreated Sample #1 10-21-16 (see special notes),,,,,,,,,,,,
1058,,MI,2016,No,trial,East Lansing,Yes,No,,,,"Fungicide treatment plots  Topsin-3 Plant 8 (highest rates and two applications, 4.5 fl oz/A at R1 and R2)",,,,,,,,,,,,
1059,,MI,2016,No,trial,East Lansing,Yes,No,,,,"Fungicide treatment plots Topsin-3 Plant 9 (highest rates and two applications, 4.5 fl oz/A at R1 and R2)",,,,,,,,,,,,
1060,,MI,2016,No,trial,East Lansing,No,No,,,,"Fungicide treatment plots Topsin-4 Plant 1 (highest rates and two applications, 4.5 fl oz/A at R1 and R2)",,,,,,,,,,,,
1061,,MI,2016,No,trial,East Lansing,No,No,,,,"Fungicide treatment plots Topsin-4 Plant 2 (highest rates and two applications, 4.5 fl oz/A at R1 and R2)",,,,,,,,,,,,
1062,,MI,2016,No,trial,East Lansing,No,No,,,,"Fungicide treatment plots Topsin-4 Plant 3 (highest rates and two applications, 4.5 fl oz/A at R1 and R2)",,,,,,,,,,,,
1063,,MI,2016,No,trial,East Lansing,No,No,,,,"Fungicide treatment plots Topsin-4 Plant 4 (highest rates and two applications, 4.5 fl oz/A at R1 and R2)",,,,,,,,,,,,
1064,,MI,2016,No,trial,East Lansing,Yes,No,,,,"Fungicide treatment plots Topsin-4 Plant 5 (highest rates and two applications, 4.5 fl oz/A at R1 and R2)",,,,,,,,,,,,
1065,,MI,2016,No,trial,East Lansing,No,No,,,,"Fungicide treatment plots Topsin-4 Plant 6 (highest rates and two applications, 4.5 fl oz/A at R1 and R2)",,,,,,,,,,,,
1066,,MI,2016,No,trial,East Lansing,No,No,,,,"Fungicide treatment plots Topsin-4 Plant 7 (highest rates and two applications, 4.5 fl oz/A at R1 and R2)",,,,,,,,,,,,
1067,,MI,2016,No,trial,East Lansing,No,No,,,,"Fungicide treatment plots Topsin-4 Plant 8 (highest rates and two applications, 4.5 fl oz/A at R1 and R2)",,,,,,,,,,,,
1068,,MI,2016,No,trial,East Lansing,No,No,,,,"Fungicide treatment plots Topsin-4 Plant 9 (highest rates and two applications, 4.5 fl oz/A at R1 and R2)",,,,,,,,,,,,
1069,,MI,2016,No,trial,East Lansing,No,No,,,,"Fungicide treatment plots Topsin-5 Plant 1 (highest rates and two applications, 4.5 fl oz/A at R1 and R2)",,,,,,,,,,,,
1070,,MI,2016,No,trial,East Lansing,Yes,No,,,,"Fungicide treatment plots Topsin-5 Plant 2 (highest rates and two applications, 4.5 fl oz/A at R1 and R2)",,,,,,,,,,,,
1071,,MI,2016,No,trial,East Lansing,Yes,No,,,,"Fungicide treatment plots Topsin-5 Plant 3 (highest rates and two applications, 4.5 fl oz/A at R1 and R2)",,,,,,,,,,,,
1072,,MI,2016,No,trial,East Lansing,Yes,No,,,,"Fungicide treatment plots Topsin-5 Plant 4 (highest rates and two applications, 4.5 fl oz/A at R1 and R2)",,,,,,,,,,,,
1073,,MI,2016,No,trial,East Lansing,Yes,No,,,,"Fungicide treatment plots Topsin-5 Plant 5 (highest rates and two applications, 4.5 fl oz/A at R1 and R2)",,,,,,,,,,,,
1074,,MI,2016,No,trial,East Lansing,No,No,,,,"Fungicide treatment plots Topsin-5 Plant 6 (highest rates and two applications, 4.5 fl oz/A at R1 and R2)",,,,,,,,,,,,
1075,,MI,2016,No,trial,East Lansing,No,No,,,,"Fungicide treatment plots Topsin-5 Plant 7 (highest rates and two applications, 4.5 fl oz/A at R1 and R2)",,,,,,,,,,,,
1076,,MI,2016,No,trial,East Lansing,No,No,,,,"Fungicide treatment plots Topsin-5 Plant 8 (highest rates and two applications, 4.5 fl oz/A at R1 and R2)",,,,,,,,,,,,
1077,,MI,2016,No,trial,East Lansing,No,No,,,,"Fungicide treatment plots Topsin-5 Plant 9 (highest rates and two applications, 4.5 fl oz/A at R1 and R2)",,,,,,,,,,,,
1078,,MI,2016,No,trial,East Lansing,No,No,,,,"Fungicide treatment plots Endura-1 Plant 1 (highest rates and two applications, 11 oz/A at R1 and R3)",,,,,,,,,,,,
1079,,MI,2016,No,trial,East Lansing,No,No,,,,"Fungicide treatment plots Endura-2 Plant 1 (highest rates and two applications, 11 oz/A at R1 and R3)",,,,,,,,,,,,
1080,,MI,2016,No,trial,East Lansing,Yes,No,,,,"Fungicide treatment plots Endura-2 Plant 2 (highest rates and two applications, 11 oz/A at R1 and R3)",,,,,,,,,,,,
1081,,MI,2016,No,trial,East Lansing,No,No,,,,"Fungicide treatment plots Endura-2 Plant 3 (highest rates and two applications, 11 oz/A at R1 and R3)",,,,,,,,,,,,
1082,,MI,2016,No,trial,East Lansing,No,No,,,,"Fungicide treatment plots Endura-2 Plant 4 (highest rates and two applications, 11 oz/A at R1 and R3)",,,,,,,,,,,,
1083,,MI,2016,No,trial,East Lansing,No,No,,,,"Fungicide treatment plots Endura-2 Plant 5 (highest rates and two applications, 11 oz/A at R1 and R3)",,,,,,,,,,,,
1084,,MI,2016,No,trial,East Lansing,No,No,,,,"Fungicide treatment plots Endura-2 Plant 6 (highest rates and two applications, 11 oz/A at R1 and R3)",,,,,,,,,,,,
1085,,MI,2016,No,trial,East Lansing,No,No,,,,"Fungicide treatment plots Endura-2 Plant 7 (highest rates and two applications, 11 oz/A at R1 and R3)",,,,,,,,,,,,
1086,,MI,2016,No,trial,East Lansing,Yes,No,,,,"Fungicide treatment plots Endura-2 Plant 8 (highest rates and two applications, 11 oz/A at R1 and R3)",,,,,,,,,,,,
1087,,MI,2016,No,trial,East Lansing,No,No,,,,"Fungicide treatment plots Endura-2 Plant 9 (highest rates and two applications, 11 oz/A at R1 and R3)",,,,,,,,,,,,
1088,,MI,2016,No,trial,East Lansing,No,No,,,,"Fungicide treatment plots Endura-3 Plant 1 (highest rates and two applications, 11 oz/A at R1 and R3)",,,,,,,,,,,,
1089,,MI,2016,No,trial,East Lansing,No,No,,,,"Fungicide treatment plots Endura-3 Plant 2 (highest rates and two applications, 11 oz/A at R1 and R3)",,,,,,,,,,,,
1090,,MI,2016,No,trial,East Lansing,No,No,,,,"Fungicide treatment plots Endura-3 Plant 3 (highest rates and two applications, 11 oz/A at R1 and R3)",,,,,,,,,,,,
1091,,MI,2016,No,trial,East Lansing,No,No,,,,"Fungicide treatment plots Endura-3 Plant 4 (highest rates and two applications, 11 oz/A at R1 and R3)",,,,,,,,,,,,
1092,,MI,2016,No,trial,East Lansing,No,No,,,,"Fungicide treatment plots Endura-3 Plant 5 (highest rates and two applications, 11 oz/A at R1 and R3)",,,,,,,,,,,,
1093,,MI,2016,No,trial,East Lansing,No,No,,,,"Fungicide treatment plots Endura-3 Plant 6 (highest rates and two applications, 11 oz/A at R1 and R3)",,,,,,,,,,,,
1094,,MI,2016,No,trial,East Lansing,No,No,,,,"Fungicide treatment plots Endura-4 Plant 1 (highest rates and two applications, 11 oz/A at R1 and R3)",,,,,,,,,,,,
1095,,MI,2016,No,trial,East Lansing,No,No,,,,"Fungicide treatment plots Endura-4 Plant 2 (highest rates and two applications, 11 oz/A at R1 and R3)",,,,,,,,,,,,
1096,,MI,2016,No,trial,East Lansing,Yes,No,,,,"Fungicide treatment plots Endura-4 Plant 3 (highest rates and two applications, 11 oz/A at R1 and R3)",,,,,,,,,,,,
1097,,MI,2016,No,trial,East Lansing,Yes,No,,,,"Fungicide treatment plots Endura-4 Plant 4 (highest rates and two applications, 11 oz/A at R1 and R3)",,,,,,,,,,,,
1098,,MI,2016,No,trial,East Lansing,No,No,,,,"Fungicide treatment plots Endura-4 Plant 5 (highest rates and two applications, 11 oz/A at R1 and R3)",,,,,,,,,,,,
1099,,MI,2016,No,trial,East Lansing,No,No,,,,"Fungicide treatment plots Endura-4 Plant 6 (highest rates and two applications, 11 oz/A at R1 and R3)",,,,,,,,,,,,
1100,,MI,2016,No,trial,East Lansing,No,No,,,,"Fungicide treatment plots Endura-4 Plant 7 (highest rates and two applications, 11 oz/A at R1 and R3)",,,,,,,,,,,,
1101,,MI,2016,No,trial,East Lansing,No,No,,,,"Fungicide treatment plots Endura-4 Plant 8 (highest rates and two applications, 11 oz/A at R1 and R3)",,,,,,,,,,,,
1102,,MI,2016,No,trial,East Lansing,No,No,,,,"Fungicide treatment plots Endura-4 Plant 9 (highest rates and two applications, 11 oz/A at R1 and R3)",,,,,,,,,,,,
1103,,MI,2016,No,trial,East Lansing,Yes,No,,,,"Fungicide treatment plots Endura-4 Plant 10 (highest rates and two applications, 11 oz/A at R1 and R3)",,,,,,,,,,,,
1104,,MI,2016,No,trial,East Lansing,No,No,,,,"Fungicide treatment plots Endura-5 Plant 1 (highest rates and two applications, 11 oz/A at R1 and R3)",,,,,,,,,,,,
1105,,MI,2016,No,trial,East Lansing,No,No,,,,"Fungicide treatment plots Endura-5 Plant 2 (highest rates and two applications, 11 oz/A at R1 and R3)",,,,,,,,,,,,
1106,,MI,2016,No,trial,East Lansing,No,No,,,,"Fungicide treatment plots Endura-5 Plant 3 (highest rates and two applications, 11 oz/A at R1 and R3)",,,,,,,,,,,,
1107,,MI,2016,No,trial,East Lansing,Yes,No,,,,"Fungicide treatment plots Endura-5 Plant 4 (highest rates and two applications, 11 oz/A at R1 and R3)",,,,,,,,,,,,
1108,,MI,2016,No,trial,East Lansing,No,No,,,,"Fungicide treatment plots Endura-5 Plant 5 (highest rates and two applications, 11 oz/A at R1 and R3)",,,,,,,,,,,,
1109,,MI,2016,No,trial,East Lansing,Yes,No,,,,"Fungicide treatment plots Endura-5 Plant 6 (highest rates and two applications, 11 oz/A at R1 and R3)",,,,,,,,,,,,
1110,,MI,2016,No,trial,East Lansing,Yes,No,,,,"Fungicide treatment plots Endura-5 Plant 7 (highest rates and two applications, 11 oz/A at R1 and R3)",,,,,,,,,,,,
1111,,MI,2016,No,trial,East Lansing,Yes,No,,,,"Fungicide treatment plots Topsin-1 Plant 1 (highest rates and two applications, 4.5 fl oz/A at R1 and R2)",,,,,,,,,,,,
1112,,MI,2016,No,trial,East Lansing,No,No,,,,"Fungicide treatment plots Topsin-1 Plant 2 (highest rates and two applications, 4.5 fl oz/A at R1 and R2)",,,,,,,,,,,,
1113,,MI,2016,No,trial,East Lansing,No,No,,,,"Fungicide treatment plots Topsin-1 Plant 3 (highest rates and two applications, 4.5 fl oz/A at R1 and R2)",,,,,,,,,,,,
1114,,MI,2016,No,trial,East Lansing,No,No,,,,"Fungicide treatment plots Topsin-2 Plant 1 (highest rates and two applications, 4.5 fl oz/A at R1 and R2)",,,,,,,,,,,,
1115,,MI,2016,No,trial,East Lansing,No,No,,,,"Fungicide treatment plots Topsin-2 Plant 2 (highest rates and two applications, 4.5 fl oz/A at R1 and R2)",,,,,,,,,,,,
1116,,MI,2016,No,trial,East Lansing,Yes,No,,,,"Fungicide treatment plots Topsin-2 Plant 3 (highest rates and two applications, 4.5 fl oz/A at R1 and R2)",,,,,,,,,,,,
1117,,MI,2016,No,trial,East Lansing,No,No,,,,"Fungicide treatment plots Topsin-2 Plant 4 (highest rates and two applications, 4.5 fl oz/A at R1 and R2)",,,,,,,,,,,,
1118,,MI,2016,No,trial,East Lansing,No,No,,,,"Fungicide treatment plots Topsin-2 Plant 5 (highest rates and two applications, 4.5 fl oz/A at R1 and R2)",,,,,,,,,,,,
1119,,MI,2016,No,trial,East Lansing,No,No,,,,"Fungicide treatment plots Topsin-2 Plant 6 (highest rates and two applications, 4.5 fl oz/A at R1 and R2)",,,,,,,,,,,,
1120,,MI,2016,No,trial,East Lansing,Yes,No,,,,"Fungicide treatment plots Topsin-2 Plant 7 (highest rates and two applications, 4.5 fl oz/A at R1 and R2)",,,,,,,,,,,,
1121,,MI,2016,No,trial,East Lansing,Yes,No,,,,"Fungicide treatment plots Topsin-2 Plant 8 (highest rates and two applications, 4.5 fl oz/A at R1 and R2)",,,,,,,,,,,,
1122,,MI,2016,No,trial,East Lansing,Yes,No,,,,"Fungicide treatment plots Topsin-3 Plant1 (highest rates and two applications, 4.5 fl oz/A at R1 and R2)",,,,,,,,,,,,
1123,,MI,2016,No,trial,East Lansing,Yes,No,,,,"Fungicide treatment plots Topsin-3 Plant2 (highest rates and two applications, 4.5 fl oz/A at R1 and R2)",,,,,,,,,,,,
1124,,MI,2016,No,trial,East Lansing,Yes,No,,,,"Fungicide treatment plots Topsin-3 Plant3 (highest rates and two applications, 4.5 fl oz/A at R1 and R2)",,,,,,,,,,,,
1125,,MI,2016,No,trial,East Lansing,No,No,,,,"Fungicide treatment plots Topsin-3 Plant4 (highest rates and two applications, 4.5 fl oz/A at R1 and R2)",,,,,,,,,,,,
1126,,MI,2016,No,trial,East Lansing,Yes,No,,,,"Fungicide treatment plots Topsin-3 Plant5 (highest rates and two applications, 4.5 fl oz/A at R1 and R2)",,,,,,,,,,,,
1127,,MI,2016,No,trial,East Lansing,Yes,No,,,,"Fungicide treatment plots Topsin-3 Plant6 (highest rates and two applications, 4.5 fl oz/A at R1 and R2)",,,,,,,,,,,,
1128,,MI,2016,No,trial,East Lansing,No,No,,,,"Fungicide treatment plots Topsin-3 Plant7 (highest rates and two applications, 4.5 fl oz/A at R1 and R2)",,,,,,,,,,,,
1129,,MI,2016,No,trial,East Lansing,No,No,,,,"Fungicide treatment plots Approach-1 Plant 1 (highest rates and two applications, 9 fl oz/A at R1 and R3)",,,,,,,,,,,,
1130,,MI,2016,No,trial,East Lansing,No,No,,,,"Fungicide treatment plots Approach-1 Plant 2 (highest rates and two applications, 9 fl oz/A at R1 and R3)",,,,,,,,,,,,
1131,,MI,2016,No,trial,East Lansing,No,No,,,,"Fungicide treatment plots Approach-1 Plant 3 (highest rates and two applications, 9 fl oz/A at R1 and R3)",,,,,,,,,,,,
1132,,MI,2016,No,trial,East Lansing,No,No,,,,"Fungicide treatment plots Approach-1 Plant 4 (highest rates and two applications, 9 fl oz/A at R1 and R3)",,,,,,,,,,,,
1133,,MI,2016,No,trial,East Lansing,No,No,,,,"Fungicide treatment plots Approach-1 Plant 5 (highest rates and two applications, 9 fl oz/A at R1 and R3)",,,,,,,,,,,,
1134,,MI,2016,No,trial,East Lansing,No,No,,,,"Fungicide treatment plots Approach-1 Plant 6 (highest rates and two applications, 9 fl oz/A at R1 and R3)",,,,,,,,,,,,
1135,,MI,2016,No,trial,East Lansing,No,No,,,,"Fungicide treatment plots Approach-1 Plant 7 (highest rates and two applications, 9 fl oz/A at R1 and R3)",,,,,,,,,,,,
1136,,MI,2016,No,trial,East Lansing,No,No,,,,"Fungicide treatment plots Approach-1 Plant 8 (highest rates and two applications, 9 fl oz/A at R1 and R3)",,,,,,,,,,,,
1137,,MI,2016,No,trial,East Lansing,No,No,,,,"Fungicide treatment plots Approach-1 Plant 9 (highest rates and two applications, 9 fl oz/A at R1 and R3)",,,,,,,,,,,,
1138,,MI,2016,No,trial,East Lansing,Yes,No,,,,"Fungicide treatment plots Approach-2 Plant 1 (highest rates and two applications, 9 fl oz/A at R1 and R3)",,,,,,,,,,,,
1139,,MI,2016,No,trial,East Lansing,No,No,,,,"Fungicide treatment plots Approach-2 Plant 2 (highest rates and two applications, 9 fl oz/A at R1 and R3)",,,,,,,,,,,,
1140,,MI,2016,No,trial,East Lansing,No,No,,,,"Fungicide treatment plots Approach-2 Plant 3 (highest rates and two applications, 9 fl oz/A at R1 and R3)",,,,,,,,,,,,
1141,,MI,2016,No,trial,East Lansing,No,No,,,,"Fungicide treatment plots Approach-2 Plant 4 (highest rates and two applications, 9 fl oz/A at R1 and R3)",,,,,,,,,,,,
1142,,MI,2016,No,trial,East Lansing,No,No,,,,"Fungicide treatment plots Approach-2 Plant 5 (highest rates and two applications, 9 fl oz/A at R1 and R3)",,,,,,,,,,,,
1143,,MI,2016,No,trial,East Lansing,No,No,,,,"MSU Fungicide treatment plots Approach-2 Plant 6 (highest rates and two applications, 9 fl oz/A at R1 and R3)",,,,,,,,,,,,
1144,,MI,2016,No,trial,East Lansing,No,No,,,,"Fungicide treatment plots Approach-2 Plant 7 (highest rates and two applications, 9 fl oz/A at R1 and R3)",,,,,,,,,,,,
1145,,MI,2016,No,trial,East Lansing,No,No,,,,"Fungicide treatment plots Approach-2 Plant 8 (highest rates and two applications, 9 fl oz/A at R1 and R3)",,,,,,,,,,,,
1146,,MI,2016,No,trial,East Lansing,No,No,,,,"Fungicide treatment plots Approach-3 Plant 1 (highest rates and two applications, 9 fl oz/A at R1 and R3)",,,,,,,,,,,,
1147,,MI,2016,No,trial,East Lansing,No,No,,,,"Fungicide treatment plots Approach-3 Plant 2 (highest rates and two applications, 9 fl oz/A at R1 and R3)",,,,,,,,,,,,
1148,,MI,2016,No,trial,East Lansing,No,No,,,,"Fungicide treatment plots Approach-3 Plant 3 (highest rates and two applications, 9 fl oz/A at R1 and R3)",,,,,,,,,,,,
1149,,MI,2016,No,trial,East Lansing,No,No,,,,"Fungicide treatment plots Approach-3 Plant 4 (highest rates and two applications, 9 fl oz/A at R1 and R3)",,,,,,,,,,,,
1150,,MI,2016,No,trial,East Lansing,No,No,,,,"Fungicide treatment plots Approach-3 Plant 5 (highest rates and two applications, 9 fl oz/A at R1 and R3)",,,,,,,,,,,,
1151,,MI,2016,No,trial,East Lansing,No,No,,,,"Fungicide treatment plots Approach-3 Plant 6 (highest rates and two applications, 9 fl oz/A at R1 and R3)",,,,,,,,,,,,
1152,,MI,2016,No,trial,East Lansing,No,No,,,,"Fungicide treatment plots Approach-3 Plant 7 (highest rates and two applications, 9 fl oz/A at R1 and R3)",,,,,,,,,,,,
1153,,MI,2016,No,trial,East Lansing,No,No,,,,"Fungicide treatment plots Approach-3 Plant 8 (highest rates and two applications, 9 fl oz/A at R1 and R3)",,,,,,,,,,,,
1154,,MI,2016,No,trial,East Lansing,No,No,,,,"Fungicide treatment plots Approach-3 Plant 9 (highest rates and two applications, 9 fl oz/A at R1 and R3)",,,,,,,,,,,,
1155,,MI,2016,No,trial,East Lansing,No,No,,,,"Fungicide treatment plots Approach-4 Plant 1 (highest rates and two applications, 9 fl oz/A at R1 and R3)",,,,,,,,,,,,
1156,,MI,2016,No,trial,East Lansing,No,No,,,,"Fungicide treatment plots Approach-4 Plant 2 (highest rates and two applications, 9 fl oz/A at R1 and R3)",,,,,,,,,,,,
1157,,MI,2016,No,trial,East Lansing,No,No,,,,"Fungicide treatment plots Approach-4 Plant 3 (highest rates and two applications, 9 fl oz/A at R1 and R3)",,,,,,,,,,,,
1158,,MI,2016,No,trial,East Lansing,No,No,,,,"Fungicide treatment plots Approach-4 Plant 4 (highest rates and two applications, 9 fl oz/A at R1 and R3)",,,,,,,,,,,,
1159,,MI,2016,No,trial,East Lansing,No,No,,,,"Fungicide treatment plots Approach-4 Plant 5 (highest rates and two applications, 9 fl oz/A at R1 and R3)",,,,,,,,,,,,
1160,,MI,2016,No,trial,East Lansing,No,No,,,,"Fungicide treatment plots Approach-4 Plant 6 (highest rates and two applications, 9 fl oz/A at R1 and R3)",,,,,,,,,,,,
1161,,MI,2016,No,trial,East Lansing,No,No,,,,"Fungicide treatment plots Approach-4 Plant 7 (highest rates and two applications, 9 fl oz/A at R1 and R3)",,,,,,,,,,,,
1162,,MI,2016,No,trial,East Lansing,No,No,,,,"Fungicide treatment plots Approach-4 Plant 8 (highest rates and two applications, 9 fl oz/A at R1 and R3)",,,,,,,,,,,,
1163,,MI,2016,No,trial,East Lansing,No,No,,,,"Fungicide treatment plots Approach-4 Plant 9 (highest rates and two applications, 9 fl oz/A at R1 and R3)",,,,,,,,,,,,
1164,,MI,2016,No,trial,East Lansing,No,No,,,,"Fungicide treatment plots Approach-4 Plant 10 (highest rates and two applications, 9 fl oz/A at R1 and R3)",,,,,,,,,,,,
1165,,MI,2016,No,trial,East Lansing,No,No,,,,"Fungicide treatment plots Approach-5 Plant 1 (highest rates and two applications, 9 fl oz/A at R1 and R3)",,,,,,,,,,,,
1166,,MI,2016,No,trial,East Lansing,No,No,,,,"Fungicide treatment plots Approach-5 Plant 2 (highest rates and two applications, 9 fl oz/A at R1 and R3)",,,,,,,,,,,,
1167,,MI,2016,No,trial,East Lansing,No,No,,,,"Fungicide treatment plots Approach-5 Plant 3 (highest rates and two applications, 9 fl oz/A at R1 and R3)",,,,,,,,,,,,
1168,,MI,2016,No,trial,East Lansing,No,No,,,,"Fungicide treatment plots Approach-5 Plant 4 (highest rates and two applications, 9 fl oz/A at R1 and R3)",,,,,,,,,,,,
1169,,MI,2016,No,trial,East Lansing,No,No,,,,"Fungicide treatment plots Approach-5 Plant 5 (highest rates and two applications, 9 fl oz/A at R1 and R3)",,,,,,,,,,,,
1170,,MI,2016,No,trial,East Lansing,No,No,,,,"Fungicide treatment plots Approach-5 Plant 6 (highest rates and two applications, 9 fl oz/A at R1 and R3)",,,,,,,,,,,,
1171,,MI,2016,No,trial,East Lansing,No,No,,,,"Fungicide treatment plots Approach-5 Plant 7 (highest rates and two applications, 9 fl oz/A at R1 and R3)",,,,,,,,,,,,
1172,,MI,2016,No,trial,East Lansing,No,No,,,,"Fungicide treatment plots Approach-5 Plant 8 (highest rates and two applications, 9 fl oz/A at R1 and R3)",,,,,,,,,,,,
1173,,MI,2016,No,trial,East Lansing,No,No,,,,"Fungicide treatment plots Approach-5 Plant 9 (highest rates and two applications, 9 fl oz/A at R1 and R3)",,,,,,,,,,,,
1174,,MI,2016,No,trial,East Lansing,No,No,,,,"Fungicide treatment plots Approach-5 Plant 10 (highest rates and two applications, 9 fl oz/A at R1 and R3)",,,,,,,,,,,,
1175,,MI,2016,No,trial,East Lansing,No,No,,,,Fungicide treatment plots Control-1 Plant 1,,,,,,,,,,,,
1176,,MI,2016,No,trial,East Lansing,No,No,,,,Fungicide treatment plots Control-1 Plant 2,,,,,,,,,,,,
1177,,MI,2016,No,trial,East Lansing,No,No,,,,Fungicide treatment plots Control-1 Plant 3,,,,,,,,,,,,
1178,,MI,2016,No,trial,East Lansing,No,No,,,,Fungicide treatment plots Control-1 Plant 4,,,,,,,,,,,,
1179,,MI,2016,No,trial,East Lansing,No,No,,,,Fungicide treatment plots Control-1 Plant 5,,,,,,,,,,,,
1180,,MI,2016,No,trial,East Lansing,No,No,,,,Fungicide treatment plots Control-1 Plant 6,,,,,,,,,,,,
1181,,MI,2016,No,trial,East Lansing,No,No,,,,Fungicide treatment plots Control-1 Plant 7,,,,,,,,,,,,
1182,,MI,2016,No,trial,East Lansing,No,No,,,,Fungicide treatment plots Control-2 Plant 1,,,,,,,,,,,,
1183,,MI,2016,No,trial,East Lansing,No,No,,,,Fungicide treatment plots Control-2 Plant 2,,,,,,,,,,,,
1184,,MI,2016,No,trial,East Lansing,No,No,,,,Fungicide treatment plots Control-2 Plant 3,,,,,,,,,,,,
1185,,MI,2016,No,trial,East Lansing,No,No,,,,Fungicide treatment plots Control-2 Plant 4,,,,,,,,,,,,
1186,,MI,2016,No,trial,East Lansing,No,No,,,,Fungicide treatment plots Control-2 Plant 5,,,,,,,,,,,,
1187,,MI,2016,No,trial,East Lansing,No,No,,,,Fungicide treatment plots Control-2 Plant 6,,,,,,,,,,,,
1188,,MI,2016,No,trial,East Lansing,No,No,,,,Fungicide treatment plots Control-2 Plant 7,,,,,,,,,,,,
1189,,MI,2016,No,trial,East Lansing,No,No,,,,Fungicide treatment plots Control-2 Plant 8,,,,,,,,,,,,
1190,,MI,2016,No,trial,East Lansing,No,No,,,,Fungicide treatment plots Control-2 Plant 9,,,,,,,,,,,,
1191,,MI,2016,No,trial,East Lansing,No,No,,,,Fungicide treatment plots Control-3 Plant 1,,,,,,,,,,,,
1192,,MI,2016,No,trial,East Lansing,No,No,,,,Fungicide treatment plots Control-3 Plant 2,,,,,,,,,,,,
1193,,MI,2016,No,trial,East Lansing,No,No,,,,Fungicide treatment plots Control-3 Plant 3,,,,,,,,,,,,
1194,,MI,2016,No,trial,East Lansing,No,No,,,,Fungicide treatment plots Control-3 Plant 4,,,,,,,,,,,,
1195,,MI,2016,No,trial,East Lansing,No,No,,,,Fungicide treatment plots Control-3 Plant 5,,,,,,,,,,,,
1196,,MI,2016,No,trial,East Lansing,No,No,,,,Fungicide treatment plots Control-3 Plant 6,,,,,,,,,,,,
1197,,MI,2016,No,trial,East Lansing,No,No,,,,Fungicide treatment plots Control-3 Plant 7,,,,,,,,,,,,
1198,,MI,2016,No,trial,East Lansing,No,No,,,,Fungicide treatment plots Control-3 Plant 8,,,,,,,,,,,,
1199,,MI,2016,No,trial,East Lansing,No,No,,,,Fungicide treatment plots Control-3 Plant 9,,,,,,,,,,,,
1200,,MI,2016,No,trial,East Lansing,No,No,,,,Fungicide treatment plots Control-3 Plant 10,,,,,,,,,,,,
1201,,MI,2016,No,trial,East Lansing,No,No,,,,Fungicide treatment plots Control-4 Plant 1,,,,,,,,,,,,
1202,,MI,2016,No,trial,East Lansing,No,No,,,,Fungicide treatment plots Control-4 Plant 2,,,,,,,,,,,,
1203,,MI,2016,No,trial,East Lansing,No,No,,,,Fungicide treatment plots Control-4 Plant 3,,,,,,,,,,,,
1204,,MI,2016,No,trial,East Lansing,No,No,,,,Fungicide treatment plots Control-4 Plant 4,,,,,,,,,,,,
1205,,MI,2016,No,trial,East Lansing,No,No,,,,Fungicide treatment plots Control-4 Plant 5,,,,,,,,,,,,
1206,,MI,2016,No,trial,East Lansing,No,No,,,,Fungicide treatment plots Control-4 Plant 6,,,,,,,,,,,,
1207,,MI,2016,No,trial,East Lansing,No,No,,,,Fungicide treatment plots Control-4 Plant 7,,,,,,,,,,,,
1208,,MI,2016,No,trial,East Lansing,No,No,,,,Fungicide treatment plots Control-4 Plant 8,,,,,,,,,,,,
1209,,MI,2016,No,trial,East Lansing,No,No,,,,Fungicide treatment plots Control-4 Plant 9,,,,,,,,,,,,
1210,,MI,2016,No,trial,East Lansing,No,No,,,,Fungicide treatment plots Control-4 Plant 10,,,,,,,,,,,,
1211,,MI,2016,No,trial,East Lansing,No,No,,,,Fungicide treatment plots Control-5 Plant 1,,,,,,,,,,,,
1212,,MI,2016,No,trial,East Lansing,No,No,,,,Fungicide treatment plots Control-5 Plant 2,,,,,,,,,,,,
1213,,MI,2016,No,trial,East Lansing,No,No,,,,Fungicide treatment plots Control-5 Plant 3,,,,,,,,,,,,
1214,,MI,2016,No,trial,East Lansing,No,No,,,,Fungicide treatment plots Control-5 Plant 4,,,,,,,,,,,,
1215,,MI,2016,No,trial,East Lansing,No,No,,,,Fungicide treatment plots Control-5 Plant 5,,,,,,,,,,,,
1216,,MI,2016,No,trial,East Lansing,No,No,,,,Fungicide treatment plots Control-5 Plant 6,,,,,,,,,,,,
1217,,MI,2016,No,trial,East Lansing,No,No,,,,Fungicide treatment plots Control-5 Plant 7,,,,,,,,,,,,
1218,,MI,2016,No,trial,East Lansing,No,No,,,,Fungicide treatment plots Control-5 Plant 8,,,,,,,,,,,,
1219,,MI,2016,No,trial,East Lansing,No,No,,,,Fungicide treatment plots Control-5 Plant 9,,,,,,,,,,,,
1327,,IA,2017,No,trial,"Nashua, Iowa",,,42.9358N 92.5758W,,,Plot #101 Sample #1 GPS:42.9358 -92.5758 Rep #1 Non-treated,,,,,,,,,,,,
1328,,IA,2017,No,trial,"Nashua, Iowa",,,42.9361N 92.5757 W,,,Plot #102 Sample #1 GPS:42.9361 -92.5757 Rep #1 Trt: Endura,,,,,,,,,,,,
1329,,IA,2017,No,trial,"Nashua, Iowa",,,42.9358 N92.5759W,,,Plot #103 Sample #1 GPS:42.9358 -92.5759 Rep #1 Trt: Approach,,,,,,,,,,,,
1330,,IA,2017,No,trial,"Nashua, Iowa",,,42.9358 N92.5759W,,,Plot #103 Sample #2 GPS:42.9358 -92.5759 Rep #1 Trt: Approach,,,,,,,,,,,,
1331,,IA,2017,No,trial,"Nashua, Iowa",,,42.9360N 92.5761W,,,Plot #104 Sample #1 GPS:42.9360 -92.5761 Rep #1 Trt: Topsin,,,,,,,,,,,,
1332,,IA,2017,No,trial,"Nashua, Iowa",,,42.9360N 92.5761W,,,Plot #104 Sample #2 GPS:42.9360 -92.5761 Rep #1 Trt: Topsin,,,,,,,,,,,,
1333,,IA,2017,No,trial,"Nashua, Iowa",,,42.9360N 92.5761W,,,Plot #104 Sample #3 GPS:42.9360 -92.5761 Rep #1 Trt: Topsin,,,,,,,,,,,,
1334,,IA,2017,No,trial,"Nashua, Iowa",,,42.9360N 92.5761W,,,Plot #104 Sample #4 GPS:42.9360 -92.5761 Rep #1 Trt: Topsin,,,,,,,,,,,,
1335,,IA,2017,No,trial,"Nashua, Iowa",,,42.9360N 92.5761W,,,Plot #104 Sample #5 GPS:42.9360 -92.5761 Rep #1 Trt: Topsin,,,,,,,,,,,,
1336,,IA,2017,No,trial,"Nashua, Iowa",,,42.9360N 92.5761W,,,Plot #104 Sample #6 GPS:42.9360 -92.5761 Rep #1 Trt: Topsin,,,,,,,,,,,,
1337,,IA,2017,No,trial,"Nashua, Iowa",,,42.9360N 92.5761W,,,Plot #104 Sample #7 GPS:42.9360 -92.5761 Rep #1 Trt: Topsin,,,,,,,,,,,,
1338,,IA,2017,No,trial,"Nashua, Iowa",,,42.9360N 92.5761W,,,Plot #104 Sample #8 GPS:42.9360 -92.5761 Rep #1 Trt: Topsin,,,,,,,,,,,,
1339,,IA,2017,No,trial,"Nashua, Iowa",,,42.9360N 92.5761W,,,Plot #104 Sample #9 GPS:42.9360 -92.5761 Rep #1 Trt: Topsin,,,,,,,,,,,,
1340,,IA,2017,No,trial,"Nashua, Iowa",,,42.9360N 92.5761W,,,Plot #104 Sample #10 GPS:42.9360 -92.5761 Rep #1 Trt: Topsin,,,,,,,,,,,,
1341,,IA,2017,No,trial,"Nashua, Iowa",,,42.9358 N 92.5760W,,,Plot #104 Sample #1 GPS:42.9358 -92.5760 Rep #1 Non-treated,,,,,,,,,,,,
1342,,IA,2017,No,trial,"Nashua, Iowa",,,42.9358 N 92.5760W,,,Plot #104 Sample #2 GPS:42.9358 -92.5760 Rep #1 Non-treated,,,,,,,,,,,,
1343,,IA,2017,No,trial,"Nashua, Iowa",,,42.9358 N 92.5760W,,,Plot #104 Sample #3 GPS:42.9358 -92.5760 Rep #1 Non-treated,,,,,,,,,,,,
1344,,IA,2017,No,trial,"Nashua, Iowa",,,42.9358 N 92.5760W,,,Plot #104 Sample #4 GPS:42.9358 -92.5760 Rep #1 Non-treated,,,,,,,,,,,,
1345,,IA,2017,No,trial,"Nashua, Iowa",,,42.9357N 92.5759W,,,Plot #106 Sample #1 GPS:42.9357 -92.5759 Rep #1 Trt: Approach,,,,,,,,,,,,
1346,,IA,2017,No,trial,"Nashua, Iowa",,,42.9357N 92.5759W,,,Plot #106 Sample #2 GPS:42.9357 -92.5759 Rep #1 Trt: Approach,,,,,,,,,,,,
1347,,IA,2017,No,trial,"Nashua, Iowa",,,42.9357N 92.5759W,,,Plot #106 Sample #3 GPS:42.9357 -92.5759 Rep #1 Trt: Approach,,,,,,,,,,,,
1348,,IA,2017,No,trial,"Nashua, Iowa",,,42.9357N 92.5759W,,,Plot #106 Sample #4 GPS:42.9357 -92.5759 Rep #1 Trt: Approach,,,,,,,,,,,,
1349,,IA,2017,No,trial,"Nashua, Iowa",,,42.9357N 92.5759W,,,Plot #106 Sample #5 GPS:42.9357 -92.5759 Rep #1 Trt: Approach,,,,,,,,,,,,
1350,,IA,2017,No,trial,"Nashua, Iowa",,,42.9357N 92.5759W,,,Plot #106 Sample #6 GPS:42.9357 -92.5759 Rep #1 Trt: Approach,,,,,,,,,,,,
1351,,IA,2017,No,trial,"Nashua, Iowa",,,42.9357N 92.5759W,,,Plot #106 Sample #7 GPS:42.9357 -92.5759 Rep #1 Trt: Approach,,,,,,,,,,,,
1352,,IA,2017,No,trial,"Nashua, Iowa",,,42.9357N 92.5759W,,,Plot #106 Sample #8 GPS:42.9357 -92.5759 Rep #1 Trt: Approach,,,,,,,,,,,,
1353,,IA,2017,No,trial,"Nashua, Iowa",,,42.9357N 92.5759W,,,Plot #106 Sample #9 GPS:42.9357 -92.5759 Rep #1 Trt: Approach,,,,,,,,,,,,
1354,,IA,2017,No,trial,"Nashua, Iowa",,,42.9357N 92.5759W,,,Plot #106 Sample #10 GPS:42.9357 -92.5759 Rep #1 Trt: Approach,,,,,,,,,,,,
1355,,IA,2017,No,trial,"Nashua, Iowa",,,42.9440N 92.5533W,,,Plot #107 Sample #1 GPS:42.9440 -92.5533 Rep #1 Non-treated,,,,,,,,,,,,
1356,,IA,2017,No,trial,"Nashua, Iowa",,,42.9440N 92.5533W,,,Plot #107 Sample #2 GPS:42.9440 -92.5533 Rep #1 Non-treated,,,,,,,,,,,,
1357,,IA,2017,No,trial,"Nashua, Iowa",,,42.9440N 92.5533W,,,Plot #107 Sample #3 GPS:42.9440 -92.5533 Rep #1 Non-treated,,,,,,,,,,,,
1358,,IA,2017,No,trial,"Nashua, Iowa",,,42.9440N 92.5533W,,,Plot #107 Sample #4 GPS:42.9440 -92.5533 Rep #1 Non-treated,,,,,,,,,,,,
1359,,IA,2017,No,trial,"Nashua, Iowa",,,42.9440N 92.5533W,,,Plot #107 Sample #5 GPS:42.9440 -92.5533 Rep #1 Non-treated,,,,,,,,,,,,
1360,,IA,2017,No,trial,"Nashua, Iowa",,,42.9440N 92.5533W,,,Plot #107 Sample #6 GPS:42.9440 -92.5533 Rep #1 Non-treated,,,,,,,,,,,,
1361,,IA,2017,No,trial,"Nashua, Iowa",,,42.9440N 92.5533W,,,Plot #107 Sample #7 GPS:42.9440 -92.5533 Rep #1 Non-treated,,,,,,,,,,,,
1362,,IA,2017,No,trial,"Nashua, Iowa",,,42.9440N 92.5533W,,,Plot #107 Sample #8 GPS:42.9440 -92.5533 Rep #1 Non-treated,,,,,,,,,,,,
1363,,IA,2017,No,trial,"Nashua, Iowa",,,42.9440N 92.5533W,,,Plot #107 Sample #9 GPS:42.9440 -92.5533 Rep #1 Non-treated,,,,,,,,,,,,
1364,,IA,2017,No,trial,"Nashua, Iowa",,,42.9440N 92.5533W,,,Plot #107 Sample #10 GPS:42.9440 -92.5533 Rep #1 Non-treated,,,,,,,,,,,,
1365,,IA,2017,No,trial,"Nashua, Iowa",,,42.9768 N 92.5560 W,,,Plot #108 Sample #1 GPS:42.9768 -92.5560 Rep #1 Trt: Endura,,,,,,,,,,,,
1366,,IA,2017,No,trial,"Nashua, Iowa",,,42.9768 N 92.5560 W,,,Plot #108 Sample #2 GPS:42.9768 -92.5560 Rep #1 Trt: Endura,,,,,,,,,,,,
1367,,IA,2017,No,trial,"Nashua, Iowa",,,42.9768 N 92.5560 W,,,Plot #108 Sample #3 GPS:42.9768 -92.5560 Rep #1 Trt: Endura,,,,,,,,,,,,
1368,,IA,2017,No,trial,"Nashua, Iowa",,,42.9768 N 92.5560 W,,,Plot #108 Sample #4 GPS:42.9768 -92.5560 Rep #1 Trt: Endura,,,,,,,,,,,,
1369,,IA,2017,No,trial,"Nashua, Iowa",,,42.9768 N 92.5560 W,,,Plot #108 Sample #5 GPS:42.9768 -92.5560 Rep #1 Trt: Endura,,,,,,,,,,,,
1370,,IA,2017,No,trial,"Nashua, Iowa",,,42.9768 N 92.5560 W,,,Plot #108 Sample #6 GPS:42.9768 -92.5560 Rep #1 Trt: Endura,,,,,,,,,,,,
1371,,IA,2017,No,trial,"Nashua, Iowa",,,42.9768 N 92.5560 W,,,Plot #108 Sample #7 GPS:42.9768 -92.5560 Rep #1 Trt: Endura,,,,,,,,,,,,
1372,,IA,2017,No,trial,"Nashua, Iowa",,,42.9768 N 92.5560 W,,,Plot #108 Sample #8 GPS:42.9768 -92.5560 Rep #1 Trt: Endura,,,,,,,,,,,,
1373,,IA,2017,No,trial,"Nashua, Iowa",,,42.9768 N 92.5560 W,,,Plot #108 Sample #9 GPS:42.9768 -92.5560 Rep #1 Trt: Endura,,,,,,,,,,,,
1374,,IA,2017,No,trial,"Nashua, Iowa",,,42.9768 N 92.5560 W,,,Plot #108 Sample #10 GPS:42.9768 -92.5560 Rep #1 Trt: Endura,,,,,,,,,,,,
1375,,IA,2017,No,trial,"Nashua, Iowa",,,42.9357N 92.5760W,,,Plot #201 Sample #1 GPS:42.9357 -92.5760 Rep #2 Trt: Approach,,,,,,,,,,,,
1376,,IA,2017,No,trial,"Nashua, Iowa",,,42.9357N 92.5760W,,,Plot #201 Sample #2 GPS:42.9357 -92.5760 Rep #2 Trt: Approach,,,,,,,,,,,,
1377,,IA,2017,No,trial,"Nashua, Iowa",,,42.9357N 92.5760W,,,Plot #201 Sample #3 GPS:42.9357 -92.5760 Rep #2 Trt: Approach,,,,,,,,,,,,
1378,,IA,2017,No,trial,"Nashua, Iowa",,,42.9357N 92.5760W,,,Plot #201 Sample #4 GPS:42.9357 -92.5760 Rep #2 Trt: Approach,,,,,,,,,,,,
1379,,IA,2017,No,trial,"Nashua, Iowa",,,42.9357N 92.5760W,,,Plot #201 Sample #5 GPS:42.9357 -92.5760 Rep #2 Trt: Approach,,,,,,,,,,,,
1380,,IA,2017,No,trial,"Nashua, Iowa",,,42.9357N 92.5760W,,,Plot #201 Sample #6 GPS:42.9357 -92.5760 Rep #2 Trt: Approach,,,,,,,,,,,,
1381,,IA,2017,No,trial,"Nashua, Iowa",,,42.9357N 92.5762W,,,Plot #202 Sample #1 GPS:42.9357 -92.5762 Rep #2 Non-treated,,,,,,,,,,,,
1382,,IA,2017,No,trial,"Nashua, Iowa",,,42.9360N 92.5763W,,,Plot #203 Sample #1 GPS:42.9360 -92.5763 Rep #2 Trt: Topsin,,,,,,,,,,,,
1383,,IA,2017,No,trial,"Nashua, Iowa",,,42.9360N 92.5763W,,,Plot #203 Sample #2 GPS:42.9360 -92.5763 Rep #2 Trt: Topsin,,,,,,,,,,,,
1384,,IA,2017,No,trial,"Nashua, Iowa",,,42.9360N 92.5763W,,,Plot #203 Sample #3 GPS:42.9360 -92.5763 Rep #2 Trt: Topsin,,,,,,,,,,,,
1385,,IA,2017,No,trial,"Nashua, Iowa",,,42.9360N 92.5763W,,,Plot #203 Sample #4 GPS:42.9360 -92.5763 Rep #2 Trt: Topsin,,,,,,,,,,,,
1386,,IA,2017,No,trial,"Nashua, Iowa",,,42.9360N 92.5763W,,,Plot #203 Sample #5 GPS:42.9360 -92.5763 Rep #2 Trt: Topsin,,,,,,,,,,,,
1387,,IA,2017,No,trial,"Nashua, Iowa",,,42.9360N 92.5763W,,,Plot #203 Sample #6 GPS:42.9360 -92.5763 Rep #2 Trt: Topsin,,,,,,,,,,,,
1388,,IA,2017,No,trial,"Nashua, Iowa",,,42.9360N 92.5763W,,,Plot #203 Sample #7 GPS:42.9360 -92.5763 Rep #2 Trt: Topsin,,,,,,,,,,,,
1389,,IA,2017,No,trial,"Nashua, Iowa",,,42.9360N 92.5763W,,,Plot #203 Sample #8 GPS:42.9360 -92.5763 Rep #2 Trt: Topsin,,,,,,,,,,,,
1390,,IA,2017,No,trial,"Nashua, Iowa",,,42.9360N 92.5763W,,,Plot #203 Sample #9 GPS:42.9360 -92.5763 Rep #2 Trt: Topsin,,,,,,,,,,,,
1391,,IA,2017,No,trial,"Nashua, Iowa",,,42.9360N 92.5763W,,,Plot #203 Sample #10 GPS:42.9360 -92.5763 Rep #2 Trt: Topsin,,,,,,,,,,,,
1392,,IA,2017,No,trial,"Nashua, Iowa",,,42.9236 N 92.5634W,,,Plot #203 Sample #1 GPS:42.9236 -92.5634 Rep #2 Trt: Endura,,,,,,,,,,,,
1393,,IA,2017,No,trial,"Nashua, Iowa",,,42.9236 N 92.5634W,,,Plot #203 Sample #2 GPS:42.9236 -92.5634 Rep #2 Trt: Endura,,,,,,,,,,,,
1394,,IA,2017,No,trial,"Nashua, Iowa",,,42.9236 N 92.5634W,,,Plot #203 Sample #3 GPS:42.9236 -92.5634 Rep #2 Trt: Endura,,,,,,,,,,,,
1395,,IA,2017,No,trial,"Nashua, Iowa",,,42.9236 N 92.5634W,,,Plot #203 Sample #4 GPS:42.9236 -92.5634 Rep #2 Trt: Endura,,,,,,,,,,,,
1396,,IA,2017,No,trial,"Nashua, Iowa",,,42.9236 N 92.5634W,,,Plot #203 Sample #5 GPS:42.9236 -92.5634 Rep #2 Trt: Endura,,,,,,,,,,,,
1397,,IA,2017,No,trial,"Nashua, Iowa",,,42.9358 N92.5763W,,,Plot #204 Sample #1 GPS:42.9358 -92.5763 Rep #2 Trt: Endura,,,,,,,,,,,,
1398,,IA,2017,No,trial,"Nashua, Iowa",,,42.9358 N92.5763W,,,Plot #204 Sample #2 GPS:42.9358 -92.5763 Rep #2 Trt: Endura,,,,,,,,,,,,
1399,,IA,2017,No,trial,"Nashua, Iowa",,,42.9358 N92.5763W,,,Plot #204 Sample #3 GPS:42.9358 -92.5763 Rep #2 Trt: Endura,,,,,,,,,,,,
1400,,IA,2017,No,trial,"Nashua, Iowa",,,42.9358 N92.5763W,,,Plot #204 Sample #4 GPS:42.9358 -92.5763 Rep #2 Trt: Endura,,,,,,,,,,,,
1401,,IA,2017,No,trial,"Nashua, Iowa",,,42.9358 N92.5763W,,,Plot #204 Sample #5 GPS:42.9358 -92.5763 Rep #2 Trt: Endura,,,,,,,,,,,,
1402,,IA,2017,No,trial,"Nashua, Iowa",,,42.9358 N92.5763W,,,Plot #204 Sample #6 GPS:42.9358 -92.5763 Rep #2 Trt: Endura,,,,,,,,,,,,
1403,,IA,2017,No,trial,"Nashua, Iowa",,,42.9358 N92.5763W,,,Plot #204 Sample #7 GPS:42.9358 -92.5763 Rep #2 Trt: Endura,,,,,,,,,,,,
1404,,IA,2017,No,trial,"Nashua, Iowa",,,42.9358 N92.5763W,,,Plot #204 Sample #8 GPS:42.9358 -92.5763 Rep #2 Trt: Endura,,,,,,,,,,,,
1405,,IA,2017,No,trial,"Nashua, Iowa",,,42.9358 N92.5763W,,,Plot #204 Sample #9 GPS:42.9358 -92.5763 Rep #2 Trt: Endura,,,,,,,,,,,,
1406,,IA,2017,No,trial,"Nashua, Iowa",,,42.9358 N92.5763W,,,Plot #204 Sample #10 GPS:42.9358 -92.5763 Rep #2 Trt: Endura,,,,,,,,,,,,
1407,,IA,2017,No,trial,"Nashua, Iowa",,,42.9359N 92.5762W,,,Plot #207 Sample #1 GPS:42.9359 -92.5762 Rep #2 Non-treated,,,,,,,,,,,,
1408,,IA,2017,No,trial,"Nashua, Iowa",,,42.9359N 92.5762W,,,Plot #207 Sample #2 GPS:42.9359 -92.5762 Rep #2 Non-treated,,,,,,,,,,,,
1409,,IA,2017,No,trial,"Nashua, Iowa",,,42.9359N 92.5762W,,,Plot #207 Sample #3 GPS:42.9359 -92.5762 Rep #2 Non-treated,,,,,,,,,,,,
1410,,IA,2017,No,trial,"Nashua, Iowa",,,42.9359N 92.5762W,,,Plot #207 Sample #4 GPS:42.9359 -92.5762 Rep #2 Non-treated,,,,,,,,,,,,
1411,,IA,2017,No,trial,"Nashua, Iowa",,,42.9359N 92.5762W,,,Plot #207 Sample #5 GPS:42.9359 -92.5762 Rep #2 Non-treated,,,,,,,,,,,,
1412,,IA,2017,No,trial,"Nashua, Iowa",,,42.9359N 92.5762W,,,Plot #207 Sample #6 GPS:42.9359 -92.5762 Rep #2 Non-treated,,,,,,,,,,,,
1413,,IA,2017,No,trial,"Nashua, Iowa",,,42.9359N 92.5762W,,,Plot #207 Sample #7 GPS:42.9359 -92.5762 Rep #2 Non-treated,,,,,,,,,,,,
1414,,IA,2017,No,trial,"Nashua, Iowa",,,42.9359N 92.5762W,,,Plot #207 Sample #8 GPS:42.9359 -92.5762 Rep #2 Non-treated,,,,,,,,,,,,
1415,,IA,2017,No,trial,"Nashua, Iowa",,,42.9359N 92.5762W,,,Plot #207 Sample #9 GPS:42.9359 -92.5762 Rep #2 Non-treated,,,,,,,,,,,,
1416,,IA,2017,No,trial,"Nashua, Iowa",,,42.9359N 92.5762W,,,Plot #207 Sample #10 GPS:42.9359 -92.5762 Rep #2 Non-treated,,,,,,,,,,,,
1417,,IA,2017,No,trial,"Nashua, Iowa",,,42.9878 N92.5577W,,,Plot #208 Sample #1 GPS:42.9878 -92.5577 Rep #2 Trt: Approach,,,,,,,,,,,,
1418,,IA,2017,No,trial,"Nashua, Iowa",,,42.9878 N92.5577W,,,Plot #208 Sample #2 GPS:42.9878 -92.5577 Rep #2 Trt: Approach,,,,,,,,,,,,
1419,,IA,2017,No,trial,"Nashua, Iowa",,,42.9878 N92.5577W,,,Plot #208 Sample #3 GPS:42.9878 -92.5577 Rep #2 Trt: Approach,,,,,,,,,,,,
1420,,IA,2017,No,trial,"Nashua, Iowa",,,42.9878 N92.5577W,,,Plot #208 Sample #4 GPS:42.9878 -92.5577 Rep #2 Trt: Approach,,,,,,,,,,,,
1421,,IA,2017,No,trial,"Nashua, Iowa",,,42.9878 N92.5577W,,,Plot #208 Sample #5 GPS:42.9878 -92.5577 Rep #2 Trt: Approach,,,,,,,,,,,,
1422,,IA,2017,No,trial,"Nashua, Iowa",,,42.9878 N92.5577W,,,Plot #208 Sample #6 GPS:42.9878 -92.5577 Rep #2 Trt: Approach,,,,,,,,,,,,
1423,,IA,2017,No,trial,"Nashua, Iowa",,,42.9878 N92.5577W,,,Plot #208 Sample #7 GPS:42.9878 -92.5577 Rep #2 Trt: Approach,,,,,,,,,,,,
1424,,IA,2017,No,trial,"Nashua, Iowa",,,42.9878 N92.5577W,,,Plot #208 Sample #8 GPS:42.9878 -92.5577 Rep #2 Trt: Approach,,,,,,,,,,,,
1425,,IA,2017,No,trial,"Nashua, Iowa",,,42.9878 N92.5577W,,,Plot #208 Sample #9 GPS:42.9878 -92.5577 Rep #2 Trt: Approach,,,,,,,,,,,,
1426,,IA,2017,No,trial,"Nashua, Iowa",,,42.9878 N92.5577W,,,Plot #208 Sample #10 GPS:42.9878 -92.5577 Rep #2 Trt: Approach,,,,,,,,,,,,
1427,,IA,2017,No,trial,"Nashua, Iowa",,,42.9357 N 92.5764W,,,Plot #302 Sample #1 GPS:42.9357 -92.5764 Rep #3 Trt: Endura,,,,,,,,,,,,
1428,,IA,2017,No,trial,"Nashua, Iowa",,,42.9357 N 92.5764W,,,Plot #302 Sample #2 GPS:42.9357 -92.5764 Rep #3 Trt: Endura,,,,,,,,,,,,
1429,,IA,2017,No,trial,"Nashua, Iowa",,,42.9357 N 92.5764W,,,Plot #302 Sample #3 GPS:42.9357 -92.5764 Rep #3 Trt: Endura,,,,,,,,,,,,
1430,,IA,2017,No,trial,"Nashua, Iowa",,,42.9357 N 92.5764W,,,Plot #302 Sample #4 GPS:42.9357 -92.5764 Rep #3 Trt: Endura,,,,,,,,,,,,
1431,,IA,2017,No,trial,"Nashua, Iowa",,,42.9357 N 92.5764W,,,Plot #302 Sample #5 GPS:42.9357 -92.5764 Rep #3 Trt: Endura,,,,,,,,,,,,
1432,,IA,2017,No,trial,"Nashua, Iowa",,,42.9357 N 92.5764W,,,Plot #302 Sample #6 GPS:42.9357 -92.5764 Rep #3 Trt: Endura,,,,,,,,,,,,
1433,,IA,2017,No,trial,"Nashua, Iowa",,,42.9357 N 92.5764W,,,Plot #302 Sample #7 GPS:42.9357 -92.5764 Rep #3 Trt: Endura,,,,,,,,,,,,
1434,,IA,2017,No,trial,"Nashua, Iowa",,,42.9357 N 92.5764W,,,Plot #302 Sample #8 GPS:42.9357 -92.5764 Rep #3 Trt: Endura,,,,,,,,,,,,
1435,,IA,2017,No,trial,"Nashua, Iowa",,,42.9357 N 92.5764W,,,Plot #302 Sample #9 GPS:42.9357 -92.5764 Rep #3 Trt: Endura,,,,,,,,,,,,
1436,,IA,2017,No,trial,"Nashua, Iowa",,,42.9357 N 92.5764W,,,Plot #302 Sample #10 GPS:42.9357 -92.5764 Rep #3 Trt: Endura,,,,,,,,,,,,
1437,,IA,2017,No,trial,"Nashua, Iowa",,,42.9357 N 92.5764W,,,Plot #303 Sample #1 GPS:42.9357 -92.5764 Rep #3 Non-treated,,,,,,,,,,,,
1438,,IA,2017,No,trial,"Nashua, Iowa",,,42.9357 N 92.5764W,,,Plot #303 Sample #2 GPS:42.9357 -92.5764 Rep #3 Non-treated,,,,,,,,,,,,
1439,,IA,2017,No,trial,"Nashua, Iowa",,,42.9357 N 92.5764W,,,Plot #303 Sample #3 GPS:42.9357 -92.5764 Rep #3 Non-treated,,,,,,,,,,,,
1440,,IA,2017,No,trial,"Nashua, Iowa",,,42.9357 N 92.5764W,,,Plot #303 Sample #4 GPS:42.9357 -92.5764 Rep #3 Non-treated,,,,,,,,,,,,
1441,,IA,2017,No,trial,"Nashua, Iowa",,,42.9357 N 92.5764W,,,Plot #303 Sample #5 GPS:42.9357 -92.5764 Rep #3 Non-treated,,,,,,,,,,,,
1442,,IA,2017,No,trial,"Nashua, Iowa",,,42.9357 N 92.5764W,,,Plot #303 Sample #6 GPS:42.9357 -92.5764 Rep #3 Non-treated,,,,,,,,,,,,
1443,,IA,2017,No,trial,"Nashua, Iowa",,,42.9357 N 92.5764W,,,Plot #303 Sample #7 GPS:42.9357 -92.5764 Rep #3 Non-treated,,,,,,,,,,,,
1444,,IA,2017,No,trial,"Nashua, Iowa",,,42.9357 N 92.5764W,,,Plot #303 Sample #8 GPS:42.9357 -92.5764 Rep #3 Non-treated,,,,,,,,,,,,
1445,,IA,2017,No,trial,"Nashua, Iowa",,,42.9357 N 92.5764W,,,Plot #303 Sample #9 GPS:42.9357 -92.5764 Rep #3 Non-treated,,,,,,,,,,,,
1446,,IA,2017,No,trial,"Nashua, Iowa",,,42.9357 N 92.5764W,,,Plot #303 Sample #10 GPS:42.9357 -92.5764 Rep #3 Non-treated,,,,,,,,,,,,
1447,,IA,2017,No,trial,"Nashua, Iowa",,,42.9360 N92.5766 W,,,Plot #304 Sample #1 GPS:42.9360 -92.5766 Rep #3 Trt: Topsin,,,,,,,,,,,,
1448,,IA,2017,No,trial,"Nashua, Iowa",,,42.9358 N92.5766W,,,Plot #304 Sample #1 GPS:42.9358 -92.5766 Rep #3 Trt: Approach,,,,,,,,,,,,
1449,,IA,2017,No,trial,"Nashua, Iowa",,,42.9358 N92.5766W,,,Plot #304 Sample #2 GPS:42.9358 -92.5766 Rep #3 Trt: Approach,,,,,,,,,,,,
1450,,IA,2017,No,trial,"Nashua, Iowa",,,42.9358 N92.5766W,,,Plot #304 Sample #3 GPS:42.9358 -92.5766 Rep #3 Trt: Approach,,,,,,,,,,,,
1451,,IA,2017,No,trial,"Nashua, Iowa",,,42.9358 N92.5766W,,,Plot #304 Sample #4 GPS:42.9358 -92.5766 Rep #3 Trt: Approach,,,,,,,,,,,,
1452,,IA,2017,No,trial,"Nashua, Iowa",,,42.9358 N92.5766W,,,Plot #304 Sample #5 GPS:42.9358 -92.5766 Rep #3 Trt: Approach,,,,,,,,,,,,
1453,,IA,2017,No,trial,"Nashua, Iowa",,,42.9358 N92.5766W,,,Plot #304 Sample #6 GPS:42.9358 -92.5766 Rep #3 Trt: Approach,,,,,,,,,,,,
1454,,IA,2017,No,trial,"Nashua, Iowa",,,42.9358 N92.5766W,,,Plot #304 Sample #7 GPS:42.9358 -92.5766 Rep #3 Trt: Approach,,,,,,,,,,,,
1455,,IA,2017,No,trial,"Nashua, Iowa",,,42.9358 N92.5766W,,,Plot #304 Sample #8 GPS:42.9358 -92.5766 Rep #3 Trt: Approach,,,,,,,,,,,,
1456,,IA,2017,No,trial,"Nashua, Iowa",,,42.9358 N92.5766W,,,Plot #304 Sample #9 GPS:42.9358 -92.5766 Rep #3 Trt: Approach,,,,,,,,,,,,
1457,,IA,2017,No,trial,"Nashua, Iowa",,,42.9358 N92.5766W,,,Plot #304 Sample #10 GPS:42.9358 -92.5766 Rep #3 Trt: Approach,,,,,,,,,,,,
1458,,IA,2017,No,trial,"Nashua, Iowa",,,42.9358 N92.5769 W,,,Plot #404 Sample #1 GPS:42.9358 -92.5769 Rep #4 Non-treated,,,,,,,,,,,,
1459,,IA,2017,No,trial,"Nashua, Iowa",,,42.9358 N92.5769 W,,,Plot #404 Sample #2 GPS:42.9358 -92.5769 Rep #4 Non-treated,,,,,,,,,,,,
1460,,IA,2017,No,trial,"Nashua, Iowa",,,42.9358 N92.5769 W,,,Plot #404 Sample #3 GPS:42.9358 -92.5769 Rep #4 Non-treated,,,,,,,,,,,,
1461,,IA,2017,No,trial,"Nashua, Iowa",,,2.9878N 92.5577W,,,Plot #405 Sample #1 GPS:42.9878 -92.5577 Rep #4 Non-treated,,,,,,,,,,,,
1462,,IA,2017,No,trial,"Nashua, Iowa",,,2.9878N 92.5577W,,,Plot #405 Sample #2 GPS:42.9878 -92.5577 Rep #4 Non-treated,,,,,,,,,,,,
1463,,IA,2017,No,trial,"Nashua, Iowa",,,2.9878N 92.5577W,,,Plot #405 Sample #3 GPS:42.9878 -92.5577 Rep #4 Non-treated,,,,,,,,,,,,
1464,,IA,2017,No,trial,"Nashua, Iowa",,,2.9878N 92.5577W,,,Plot #405 Sample #4 GPS:42.9878 -92.5577 Rep #4 Non-treated,,,,,,,,,,,,
1465,,IA,2017,No,trial,"Nashua, Iowa",,,2.9878N 92.5577W,,,Plot #405 Sample #5 GPS:42.9878 -92.5577 Rep #4 Non-treated,,,,,,,,,,,,
1466,,IA,2017,No,trial,"Nashua, Iowa",,,2.9878N 92.5577W,,,Plot #405 Sample #6 GPS:42.9878 -92.5577 Rep #4 Non-treated,,,,,,,,,,,,
1467,,IA,2017,No,trial,"Nashua, Iowa",,,2.9878N 92.5577W,,,Plot #405 Sample #7 GPS:42.9878 -92.5577 Rep #4 Non-treated,,,,,,,,,,,,
1468,,IA,2017,No,trial,"Nashua, Iowa",,,2.9878N 92.5577W,,,Plot #405 Sample #8 GPS:42.9878 -92.5577 Rep #4 Non-treated,,,,,,,,,,,,
1469,,IA,2017,No,trial,"Nashua, Iowa",,,2.9878N 92.5577W,,,Plot #405 Sample #9 GPS:42.9878 -92.5577 Rep #4 Non-treated,,,,,,,,,,,,
1470,,IA,2017,No,trial,"Nashua, Iowa",,,2.9878N 92.5577W,,,Plot #405 Sample #10 GPS:42.9878 -92.5577 Rep #4 Non-treated,,,,,,,,,,,,
1471,,IA,2017,No,trial,"Nashua, Iowa",,,42.9358 N 92.5769W,,,Plot #408 Sample #1 GPS:42.9358 -92.5769 Rep #4 Trt: Endura,,,,,,,,,,,,
1472,,IA,2017,No,trial,"Nashua, Iowa",,,42.9358 N 92.5769W,,,Plot #408 Sample #2 GPS:42.9358 -92.5769 Rep #4 Trt: Endura,,,,,,,,,,,,
1473,,IA,2017,No,trial,"Nashua, Iowa",,,42.9358 N 92.5769W,,,Plot #408 Sample #3 GPS:42.9358 -92.5769 Rep #4 Trt: Endura,,,,,,,,,,,,
1474,,IA,2017,No,trial,"Nashua, Iowa",,,42.9358 N 92.5769W,,,Plot #408 Sample #4 GPS:42.9358 -92.5769 Rep #4 Trt: Endura,,,,,,,,,,,,
1475,,IA,2017,No,trial,"Nashua, Iowa",,,42.9358 N 92.5769W,,,Plot #408 Sample #5 GPS:42.9358 -92.5769 Rep #4 Trt: Endura,,,,,,,,,,,,
1476,,IA,2017,No,trial,"Nashua, Iowa",,,42.9358 N 92.5769W,,,Plot #408 Sample #6 GPS:42.9358 -92.5769 Rep #4 Trt: Endura,,,,,,,,,,,,
1477,,IA,2017,No,trial,"Nashua, Iowa",,,42.9358 N 92.5769W,,,Plot #408 Sample #7 GPS:42.9358 -92.5769 Rep #4 Trt: Endura,,,,,,,,,,,,
1478,,IA,2017,No,trial,"Nashua, Iowa",,,42.9358 N 92.5769W,,,Plot #408 Sample #8 GPS:42.9358 -92.5769 Rep #4 Trt: Endura,,,,,,,,,,,,
1479,,IA,2017,No,trial,"Nashua, Iowa",,,42.9358 N 92.5769W,,,Plot #408 Sample #9 GPS:42.9358 -92.5769 Rep #4 Trt: Endura,,,,,,,,,,,,
1480,,IA,2017,No,trial,"Nashua, Iowa",,,42.9358 N 92.5769W,,,Plot #408 Sample #10 GPS:42.9358 -92.5769 Rep #4 Trt: Endura,,,,,,,,,,,,
1481,,IA,2017,No,trial,"Nashua, Iowa",,,42.9358 N92.5768W,,,Plot #411 Sample #1 GPS:42.9358 -92.5768 Rep #4 Trt: Approach,,,,,,,,,,,,
1482,,IA,2017,No,trial,"Nashua, Iowa",,,42.9358 N92.5768W,,,Plot #411 Sample #2 GPS:42.9358 -92.5768 Rep #4 Trt: Approach,,,,,,,,,,,,
1483,,IA,2017,No,trial,"Nashua, Iowa",,,42.9358 N92.5768W,,,Plot #411 Sample #3 GPS:42.9358 -92.5768 Rep #4 Trt: Approach,,,,,,,,,,,,
1484,,IA,2017,No,trial,"Nashua, Iowa",,,42.9358 N92.5768W,,,Plot #411 Sample #4 GPS:42.9358 -92.5768 Rep #4 Trt: Approach,,,,,,,,,,,,
1485,,IA,2017,No,trial,"Nashua, Iowa",,,42.9358 N92.5768W,,,Plot #411 Sample #5 GPS:42.9358 -92.5768 Rep #4 Trt: Approach,,,,,,,,,,,,
1486,,IA,2017,No,trial,"Nashua, Iowa",,,42.9358 N92.5768W,,,Plot #411 Sample #6 GPS:42.9358 -92.5768 Rep #4 Trt: Approach,,,,,,,,,,,,
1487,,IA,2017,No,trial,"Nashua, Iowa",,,42.9358 N92.5768W,,,Plot #411 Sample #7 GPS:42.9358 -92.5768 Rep #4 Trt: Approach,,,,,,,,,,,,
1488,,IA,2017,No,trial,"Nashua, Iowa",,,42.9358 N92.5768W,,,Plot #411 Sample #8 GPS:42.9358 -92.5768 Rep #4 Trt: Approach,,,,,,,,,,,,
1489,,IA,2017,No,trial,"Nashua, Iowa",,,42.9358 N92.5768W,,,Plot #411 Sample #9 GPS:42.9358 -92.5768 Rep #4 Trt: Approach,,,,,,,,,,,,
1490,,IA,2017,No,trial,"Nashua, Iowa",,,42.9358 N92.5768W,,,Plot #411 Sample #10 GPS:42.9358 -92.5768 Rep #4 Trt: Approach,,,,,,,,,,,,
1491,,WI,2017,No,trial,"Sauk City, WI",,,43.222372N 89.638891W,,,"Breunig Field 1 GPS: 43.222372, -89.638891 Sample #1",,,,,,,,,,,,
1492,,WI,2017,No,trial,"Sauk City, WI",,,43.222372N 89.638891W,,,"Breunig Field 1 GPS: 43.222372, -89.638891 Sample #2",,,,,,,,,,,,
1493,,WI,2017,No,trial,"Sauk City, WI",,,43.222372N 89.638891W,,,"Breunig Field 1 GPS: 43.222372, -89.638891 Sample #3",,,,,,,,,,,,
1494,,WI,2017,No,trial,"Sauk City, WI",,,43.222372N 89.638891W,,,"Breunig Field 1 GPS: 43.222372, -89.638891 Sample #4",,,,,,,,,,,,
1495,,WI,2017,No,trial,"Sauk City, WI",,,43.222372N 89.638891W,,,"Breunig Field 1 GPS: 43.222372, -89.638891 Sample #5",,,,,,,,,,,,
1496,,WI,2017,No,trial,"Sauk City, WI",,,43.222372N 89.638891W,,,"Breunig Field 1 GPS: 43.222372, -89.638891 Sample #6",,,,,,,,,,,,
1497,,WI,2017,No,trial,"Sauk City, WI",,,43.222372N 89.638891W,,,"Breunig Field 1 GPS: 43.222372, -89.638891 Sample #7",,,,,,,,,,,,
1498,,WI,2017,No,trial,"Sauk City, WI",,,43.222372N 89.638891W,,,"Breunig Field 1 GPS: 43.222372, -89.638891 Sample #8",,,,,,,,,,,,
1499,,WI,2017,No,trial,"Sauk City, WI",,,43.222372N 89.638891W,,,"Breunig Field 1 GPS: 43.222372, -89.638891 Sample #9",,,,,,,,,,,,
1500,,WI,2017,No,trial,"Sauk City, WI",,,43.222372N 89.638891W,,,"Breunig Field 1 GPS: 43.222372, -89.638891 Sample #10",,,,,,,,,,,,
1501,,WI,9-18-2017,No,trial,"Hancock, WI",,,,,,Trial ID: 17248  Plot 104(4) Topsin 20 fl oz/ac @ R1 Sample #1,,,,,,,,,,,,
1502,,WI,9-18-2017,No,trial,"Hancock, WI",,,,,,Trial ID: 17248  Plot 104(4) Topsin 20 fl oz/ac @ R1 Sample #2,,,,,,,,,,,,
1503,,WI,9-18-2017,No,trial,"Hancock, WI",,,,,,Trial ID: 17248  Plot 104(4) Topsin 20 fl oz/ac @ R1 Sample #3,,,,,,,,,,,,
1504,,WI,9-18-2017,No,trial,"Hancock, WI",,,,,,Trial ID: 17248  Plot 104(4) Topsin 20 fl oz/ac @ R1 Sample #4,,,,,,,,,,,,
1505,,WI,9-18-2017,No,trial,"Hancock, WI",,,,,,Trial ID: 17248  Plot 104(4) Topsin 20 fl oz/ac @ R1 Sample #5,,,,,,,,,,,,
1506,,WI,9-18-2017,No,trial,"Hancock, WI",,,,,,Trial ID: 17248  Plot 104(4) Topsin 20 fl oz/ac @ R1 Sample #6,,,,,,,,,,,,
1507,,WI,9-18-2017,No,trial,"Hancock, WI",,,,,,Trial ID: 17248  Plot 104(4) Topsin 20 fl oz/ac @ R1 Sample #7,,,,,,,,,,,,
1508,,WI,9-18-2017,No,trial,"Hancock, WI",,,,,,Trial ID: 17248  Plot 104(4) Topsin 20 fl oz/ac @ R1 Sample #8,,,,,,,,,,,,
1509,,WI,9-18-2017,No,trial,"Hancock, WI",,,,,,Trial ID: 17248  Plot 104(4) Topsin 20 fl oz/ac @ R1 Sample #9,,,,,,,,,,,,
1510,,WI,9-18-2017,No,trial,"Hancock, WI",,,,,,Trial ID: 17248  Plot 104(4) Topsin 20 fl oz/ac @ R1 Sample #10,,,,,,,,,,,,
1511,,WI,9-18-2017,No,trial,"Hancock, WI",,,,,,Trial ID: 17248  Plot 201(4) Topsin 20 fl oz/ac @ R1 Sample #1,,,,,,,,,,,,
1512,,WI,9-18-2017,No,trial,"Hancock, WI",,,,,,Trial ID: 17248  Plot 201(4) Topsin 20 fl oz/ac @ R1 Sample #2,,,,,,,,,,,,
1513,,WI,9-18-2017,No,trial,"Hancock, WI",,,,,,Trial ID: 17248  Plot 201(4) Topsin 20 fl oz/ac @ R1 Sample #3,,,,,,,,,,,,
1514,,WI,9-18-2017,No,trial,"Hancock, WI",,,,,,Trial ID: 17248  Plot 201(4) Topsin 20 fl oz/ac @ R1 Sample #4,,,,,,,,,,,,
1515,,WI,9-18-2017,No,trial,"Hancock, WI",,,,,,Trial ID: 17248  Plot 201(4) Topsin 20 fl oz/ac @ R1 Sample #5,,,,,,,,,,,,
1516,,WI,9-18-2017,No,trial,"Hancock, WI",,,,,,Trial ID: 17248  Plot 201(4) Topsin 20 fl oz/ac @ R1 Sample #6,,,,,,,,,,,,
1517,,WI,9-18-2017,No,trial,"Hancock, WI",,,,,,Trial ID: 17248  Plot 201(4) Topsin 20 fl oz/ac @ R1 Sample #7,,,,,,,,,,,,
1518,,WI,9-18-2017,No,trial,"Hancock, WI",,,,,,Trial ID: 17248  Plot 201(4) Topsin 20 fl oz/ac @ R1 Sample #8,,,,,,,,,,,,
1519,,WI,9-18-2017,No,trial,"Hancock, WI",,,,,,Trial ID: 17248  Plot 201(4) Topsin 20 fl oz/ac @ R1 Sample #9,,,,,,,,,,,,
1520,,WI,9-18-2017,No,trial,"Hancock, WI",,,,,,Trial ID: 17248  Plot 201(4) Topsin 20 fl oz/ac @ R1 Sample #10,,,,,,,,,,,,
1521,,WI,9-18-2017,No,trial,"Hancock, WI",,,,,,Trial ID: 17248  Plot 307(4) Topsin 20 fl oz/ac @ R1 Sample #1,,,,,,,,,,,,
1522,,WI,9-18-2017,No,trial,"Hancock, WI",,,,,,Trial ID: 17248  Plot 307(4) Topsin 20 fl oz/ac @ R1 Sample #2,,,,,,,,,,,,
1523,,WI,9-18-2017,No,trial,"Hancock, WI",,,,,,Trial ID: 17248  Plot 307(4) Topsin 20 fl oz/ac @ R1 Sample #3,,,,,,,,,,,,
1524,,WI,9-18-2017,No,trial,"Hancock, WI",,,,,,Trial ID: 17248  Plot 307(4) Topsin 20 fl oz/ac @ R1 Sample #4,,,,,,,,,,,,
1525,,WI,9-18-2017,No,trial,"Hancock, WI",,,,,,Trial ID: 17248  Plot 307(4) Topsin 20 fl oz/ac @ R1 Sample #5,,,,,,,,,,,,
1526,,WI,9-18-2017,No,trial,"Hancock, WI",,,,,,Trial ID: 17248  Plot 307(4) Topsin 20 fl oz/ac @ R1 Sample #6,,,,,,,,,,,,
1527,,WI,9-18-2017,No,trial,"Hancock, WI",,,,,,Trial ID: 17248  Plot 307(4) Topsin 20 fl oz/ac @ R1 Sample #7,,,,,,,,,,,,
1528,,WI,9-18-2017,No,trial,"Hancock, WI",,,,,,Trial ID: 17248  Plot 307(4) Topsin 20 fl oz/ac @ R1 Sample #8,,,,,,,,,,,,
1529,,WI,9-18-2017,No,trial,"Hancock, WI",,,,,,Trial ID: 17248  Plot 307(4) Topsin 20 fl oz/ac @ R1 Sample #9,,,,,,,,,,,,
1530,,WI,9-18-2017,No,trial,"Hancock, WI",,,,,,Trial ID: 17248  Plot 307(4) Topsin 20 fl oz/ac @ R1 Sample #10,,,,,,,,,,,,
1531,,WI,9-18-2017,No,trial,"Hancock, WI",,,,,,Trial ID: 17248  Plot 403(4) Topsin 20 fl oz/ac @ R1 Sample #1,,,,,,,,,,,,
1532,,WI,9-18-2017,No,trial,"Hancock, WI",,,,,,Trial ID: 17248  Plot 403(4) Topsin 20 fl oz/ac @ R1 Sample #2,,,,,,,,,,,,
1533,,WI,9-18-2017,No,trial,"Hancock, WI",,,,,,Trial ID: 17248  Plot 403(4) Topsin 20 fl oz/ac @ R1 Sample #3,,,,,,,,,,,,
1534,,WI,9-18-2017,No,trial,"Hancock, WI",,,,,,Trial ID: 17248  Plot 403(4) Topsin 20 fl oz/ac @ R1 Sample #4,,,,,,,,,,,,
1535,,WI,9-18-2017,No,trial,"Hancock, WI",,,,,,Trial ID: 17248  Plot 403(4) Topsin 20 fl oz/ac @ R1 Sample #5,,,,,,,,,,,,
1536,,WI,9-18-2017,No,trial,"Hancock, WI",,,,,,Trial ID: 17248  Plot 403(4) Topsin 20 fl oz/ac @ R1 Sample #6,,,,,,,,,,,,
1537,,WI,9-18-2017,No,trial,"Hancock, WI",,,,,,Trial ID: 17248  Plot 403(4) Topsin 20 fl oz/ac @ R1 Sample #7,,,,,,,,,,,,
1538,,WI,9-18-2017,No,trial,"Hancock, WI",,,,,,Trial ID: 17248  Plot 403(4) Topsin 20 fl oz/ac @ R1 Sample #8,,,,,,,,,,,,
1539,,WI,9-18-2017,No,trial,"Hancock, WI",,,,,,Trial ID: 17248  Plot 403(4) Topsin 20 fl oz/ac @ R1 Sample #9,,,,,,,,,,,,
1540,,WI,9-18-2017,No,trial,"Hancock, WI",,,,,,Trial ID: 17248  Plot 403(4) Topsin 20 fl oz/ac @ R1 Sample #10,,,,,,,,,,,,
1541,,WI,9-18-2017,No,trial,"Hancock, WI",,,,,,Trial ID: 17248  Plot 102(1) Non-treated  Sample #1,,,,,,,,,,,,
1542,,WI,9-18-2017,No,trial,"Hancock, WI",,,,,,Trial ID: 17248  Plot 102(1) Non-treated  Sample #2,,,,,,,,,,,,
1543,,WI,9-18-2017,No,trial,"Hancock, WI",,,,,,Trial ID: 17248  Plot 102(1) Non-treated  Sample #3,,,,,,,,,,,,
1544,,WI,9-18-2017,No,trial,"Hancock, WI",,,,,,Trial ID: 17248  Plot 102(1) Non-treated  Sample #4,,,,,,,,,,,,
1545,,WI,9-18-2017,No,trial,"Hancock, WI",,,,,,Trial ID: 17248  Plot 102(1) Non-treated  Sample #5,,,,,,,,,,,,
1546,,WI,9-18-2017,No,trial,"Hancock, WI",,,,,,Trial ID: 17248  Plot 102(1) Non-treated  Sample #6,,,,,,,,,,,,
1547,,WI,9-18-2017,No,trial,"Hancock, WI",,,,,,Trial ID: 17248  Plot 102(1) Non-treated  Sample #7,,,,,,,,,,,,
1548,,WI,9-18-2017,No,trial,"Hancock, WI",,,,,,Trial ID: 17248  Plot 102(1) Non-treated  Sample #8,,,,,,,,,,,,
1549,,WI,9-18-2017,No,trial,"Hancock, WI",,,,,,Trial ID: 17248  Plot 102(1) Non-treated  Sample #9,,,,,,,,,,,,
1550,,WI,9-18-2017,No,trial,"Hancock, WI",,,,,,Trial ID: 17248  Plot 102(1) Non-treated  Sample #10,,,,,,,,,,,,
1551,,WI,9-18-2017,No,trial,"Hancock, WI",,,,,,Trial ID: 17248  Plot 207(1) Non-treated  Sample #1,,,,,,,,,,,,
1552,,WI,9-18-2017,No,trial,"Hancock, WI",,,,,,Trial ID: 17248  Plot 207(1) Non-treated  Sample #2,,,,,,,,,,,,
1553,,WI,9-18-2017,No,trial,"Hancock, WI",,,,,,Trial ID: 17248  Plot 207(1) Non-treated  Sample #3,,,,,,,,,,,,
1554,,WI,9-18-2017,No,trial,"Hancock, WI",,,,,,Trial ID: 17248  Plot 207(1) Non-treated  Sample #4,,,,,,,,,,,,
1555,,WI,9-18-2017,No,trial,"Hancock, WI",,,,,,Trial ID: 17248  Plot 207(1) Non-treated  Sample #5,,,,,,,,,,,,
1556,,WI,9-18-2017,No,trial,"Hancock, WI",,,,,,Trial ID: 17248  Plot 207(1) Non-treated  Sample #6,,,,,,,,,,,,
1557,,WI,9-18-2017,No,trial,"Hancock, WI",,,,,,Trial ID: 17248  Plot 207(1) Non-treated  Sample #7,,,,,,,,,,,,
1558,,WI,9-18-2017,No,trial,"Hancock, WI",,,,,,Trial ID: 17248  Plot 207(1) Non-treated  Sample #8,,,,,,,,,,,,
1559,,WI,9-18-2017,No,trial,"Hancock, WI",,,,,,Trial ID: 17248  Plot 207(1) Non-treated  Sample #9,,,,,,,,,,,,
1560,,WI,9-18-2017,No,trial,"Hancock, WI",,,,,,Trial ID: 17248  Plot 207(1) Non-treated  Sample #10,,,,,,,,,,,,
1561,,WI,9-18-2017,No,trial,"Hancock, WI",,,,,,Trial ID: 17248  Plot 308(1) Non-treated  Sample #1,,,,,,,,,,,,
1562,,WI,9-18-2017,No,trial,"Hancock, WI",,,,,,Trial ID: 17248  Plot 308(1) Non-treated  Sample #2,,,,,,,,,,,,
1563,,WI,9-18-2017,No,trial,"Hancock, WI",,,,,,Trial ID: 17248  Plot 308(1) Non-treated  Sample #3,,,,,,,,,,,,
1564,,WI,9-18-2017,No,trial,"Hancock, WI",,,,,,Trial ID: 17248  Plot 308(1) Non-treated  Sample #4,,,,,,,,,,,,
1565,,WI,9-18-2017,No,trial,"Hancock, WI",,,,,,Trial ID: 17248  Plot 308(1) Non-treated  Sample #5,,,,,,,,,,,,
1566,,WI,9-18-2017,No,trial,"Hancock, WI",,,,,,Trial ID: 17248  Plot 308(1) Non-treated  Sample #6,,,,,,,,,,,,
1567,,WI,9-18-2017,No,trial,"Hancock, WI",,,,,,Trial ID: 17248  Plot 308(1) Non-treated  Sample #7,,,,,,,,,,,,
1568,,WI,9-18-2017,No,trial,"Hancock, WI",,,,,,Trial ID: 17248  Plot 308(1) Non-treated  Sample #8,,,,,,,,,,,,
1569,,WI,9-18-2017,No,trial,"Hancock, WI",,,,,,Trial ID: 17248  Plot 308(1) Non-treated  Sample #9,,,,,,,,,,,,
1570,,WI,9-18-2017,No,trial,"Hancock, WI",,,,,,Trial ID: 17248  Plot 308(1) Non-treated  Sample #10,,,,,,,,,,,,
1571,,WI,9-18-2017,No,trial,"Hancock, WI",,,,,,Trial ID: 17248  Plot 404(1) Non-treated  Sample #1,,,,,,,,,,,,
1572,,WI,9-18-2017,No,trial,"Hancock, WI",,,,,,Trial ID: 17248  Plot 404(1) Non-treated  Sample #2,,,,,,,,,,,,
1573,,WI,9-18-2017,No,trial,"Hancock, WI",,,,,,Trial ID: 17248  Plot 404(1) Non-treated  Sample #3,,,,,,,,,,,,
1574,,WI,9-18-2017,No,trial,"Hancock, WI",,,,,,Trial ID: 17248  Plot 404(1) Non-treated  Sample #4,,,,,,,,,,,,
1575,,WI,9-18-2017,No,trial,"Hancock, WI",,,,,,Trial ID: 17248  Plot 404(1) Non-treated  Sample #5,,,,,,,,,,,,
1576,,WI,9-18-2017,No,trial,"Hancock, WI",,,,,,Trial ID: 17248  Plot 404(1) Non-treated  Sample #6,,,,,,,,,,,,
1577,,WI,9-18-2017,No,trial,"Hancock, WI",,,,,,Trial ID: 17248  Plot 404(1) Non-treated  Sample #7,,,,,,,,,,,,
1578,,WI,9-18-2017,No,trial,"Hancock, WI",,,,,,Trial ID: 17248  Plot 404(1) Non-treated  Sample #8,,,,,,,,,,,,
1579,,WI,9-18-2017,No,trial,"Hancock, WI",,,,,,Trial ID: 17248  Plot 404(1) Non-treated  Sample #9,,,,,,,,,,,,
1580,,WI,9-18-2017,No,trial,"Hancock, WI",,,,,,Trial ID: 17248  Plot 404(1) Non-treated  Sample #10,,,,,,,,,,,,
1581,,WI,9-18-2017,No,trial,"Hancock, WI",,,,,,Trial ID: 17248  Plot 106(6) Endura 8 oz/ac  Sample #1,,,,,,,,,,,,
1582,,WI,9-18-2017,No,trial,"Hancock, WI",,,,,,Trial ID: 17248  Plot 106(6) Endura 8 oz/ac  Sample #2,,,,,,,,,,,,
1583,,WI,9-18-2017,No,trial,"Hancock, WI",,,,,,Trial ID: 17248  Plot 106(6) Endura 8 oz/ac  Sample #3,,,,,,,,,,,,
1584,,WI,9-18-2017,No,trial,"Hancock, WI",,,,,,Trial ID: 17248  Plot 106(6) Endura 8 oz/ac  Sample #4,,,,,,,,,,,,
1585,,WI,9-18-2017,No,trial,"Hancock, WI",,,,,,Trial ID: 17248  Plot 106(6) Endura 8 oz/ac  Sample #5,,,,,,,,,,,,
1586,,WI,9-18-2017,No,trial,"Hancock, WI",,,,,,Trial ID: 17248  Plot 106(6) Endura 8 oz/ac  Sample #6,,,,,,,,,,,,
1587,,WI,9-18-2017,No,trial,"Hancock, WI",,,,,,Trial ID: 17248  Plot 106(6) Endura 8 oz/ac  Sample #7,,,,,,,,,,,,
1588,,WI,9-18-2017,No,trial,"Hancock, WI",,,,,,Trial ID: 17248  Plot 106(6) Endura 8 oz/ac  Sample #8,,,,,,,,,,,,
1589,,WI,9-18-2017,No,trial,"Hancock, WI",,,,,,Trial ID: 17248  Plot 106(6) Endura 8 oz/ac  Sample #9,,,,,,,,,,,,
1590,,WI,9-18-2017,No,trial,"Hancock, WI",,,,,,Trial ID: 17248  Plot 106(6) Endura 8 oz/ac  Sample #10,,,,,,,,,,,,
1591,,WI,9-18-2017,No,trial,"Hancock, WI",,,,,,Trial ID: 17248  Plot 208(6) Endura 8 oz/ac  Sample #1,,,,,,,,,,,,
1592,,WI,9-18-2017,No,trial,"Hancock, WI",,,,,,Trial ID: 17248  Plot 208(6) Endura 8 oz/ac  Sample #2,,,,,,,,,,,,
1593,,WI,9-18-2017,No,trial,"Hancock, WI",,,,,,Trial ID: 17248  Plot 208(6) Endura 8 oz/ac  Sample #3,,,,,,,,,,,,
1594,,WI,9-18-2017,No,trial,"Hancock, WI",,,,,,Trial ID: 17248  Plot 208(6) Endura 8 oz/ac  Sample #4,,,,,,,,,,,,
1595,,WI,9-18-2017,No,trial,"Hancock, WI",,,,,,Trial ID: 17248  Plot 208(6) Endura 8 oz/ac  Sample #5,,,,,,,,,,,,
1596,,WI,9-18-2017,No,trial,"Hancock, WI",,,,,,Trial ID: 17248  Plot 208(6) Endura 8 oz/ac  Sample #6,,,,,,,,,,,,
1597,,WI,9-18-2017,No,trial,"Hancock, WI",,,,,,Trial ID: 17248  Plot 208(6) Endura 8 oz/ac  Sample #7,,,,,,,,,,,,
1598,,WI,9-18-2017,No,trial,"Hancock, WI",,,,,,Trial ID: 17248  Plot 208(6) Endura 8 oz/ac  Sample #8,,,,,,,,,,,,
1599,,WI,9-18-2017,No,trial,"Hancock, WI",,,,,,Trial ID: 17248  Plot 208(6) Endura 8 oz/ac  Sample #9,,,,,,,,,,,,
1600,,WI,9-18-2017,No,trial,"Hancock, WI",,,,,,Trial ID: 17248  Plot 208(6) Endura 8 oz/ac  Sample #10,,,,,,,,,,,,
1601,,WI,9-18-2017,No,trial,"Hancock, WI",,,,,,Trial ID: 17248  Plot 301(6) Endura 8 oz/ac  Sample #1,,,,,,,,,,,,
1602,,WI,9-18-2017,No,trial,"Hancock, WI",,,,,,Trial ID: 17248  Plot 301(6) Endura 8 oz/ac  Sample #2,,,,,,,,,,,,
1603,,WI,9-18-2017,No,trial,"Hancock, WI",,,,,,Trial ID: 17248  Plot 301(6) Endura 8 oz/ac  Sample #3,,,,,,,,,,,,
1604,,WI,9-18-2017,No,trial,"Hancock, WI",,,,,,Trial ID: 17248  Plot 301(6) Endura 8 oz/ac  Sample #4,,,,,,,,,,,,
1605,,WI,9-18-2017,No,trial,"Hancock, WI",,,,,,Trial ID: 17248  Plot 301(6) Endura 8 oz/ac  Sample #5,,,,,,,,,,,,
1606,,WI,9-18-2017,No,trial,"Hancock, WI",,,,,,Trial ID: 17248  Plot 301(6) Endura 8 oz/ac  Sample #6,,,,,,,,,,,,
1607,,WI,9-18-2017,No,trial,"Hancock, WI",,,,,,Trial ID: 17248  Plot 301(6) Endura 8 oz/ac  Sample #7,,,,,,,,,,,,
1608,,WI,9-18-2017,No,trial,"Hancock, WI",,,,,,Trial ID: 17248  Plot 301(6) Endura 8 oz/ac  Sample #8,,,,,,,,,,,,
1609,,WI,9-18-2017,No,trial,"Hancock, WI",,,,,,Trial ID: 17248  Plot 301(6) Endura 8 oz/ac  Sample #9,,,,,,,,,,,,
1610,,WI,9-18-2017,No,trial,"Hancock, WI",,,,,,Trial ID: 17248  Plot 301(6) Endura 8 oz/ac  Sample #10,,,,,,,,,,,,
1611,,WI,9-18-2017,No,trial,"Hancock, WI",,,,,,Trial ID: 17248  Plot 402(6) Endura 8 oz/ac  Sample #1,,,,,,,,,,,,
1612,,WI,9-18-2017,No,trial,"Hancock, WI",,,,,,Trial ID: 17248  Plot 402(6) Endura 8 oz/ac  Sample #2,,,,,,,,,,,,
1613,,WI,9-18-2017,No,trial,"Hancock, WI",,,,,,Trial ID: 17248  Plot 402(6) Endura 8 oz/ac  Sample #3,,,,,,,,,,,,
1614,,WI,9-18-2017,No,trial,"Hancock, WI",,,,,,Trial ID: 17248  Plot 402(6) Endura 8 oz/ac  Sample #4,,,,,,,,,,,,
1615,,WI,9-18-2017,No,trial,"Hancock, WI",,,,,,Trial ID: 17248  Plot 402(6) Endura 8 oz/ac  Sample #5,,,,,,,,,,,,
1616,,WI,9-18-2017,No,trial,"Hancock, WI",,,,,,Trial ID: 17248  Plot 402(6) Endura 8 oz/ac  Sample #6,,,,,,,,,,,,
1617,,WI,9-18-2017,No,trial,"Hancock, WI",,,,,,Trial ID: 17248  Plot 402(6) Endura 8 oz/ac  Sample #7,,,,,,,,,,,,
1618,,WI,9-18-2017,No,trial,"Hancock, WI",,,,,,Trial ID: 17248  Plot 402(6) Endura 8 oz/ac  Sample #8,,,,,,,,,,,,
1619,,WI,9-18-2017,No,trial,"Hancock, WI",,,,,,Trial ID: 17248  Plot 402(6) Endura 8 oz/ac  Sample #9,,,,,,,,,,,,
1620,,WI,9-18-2017,No,trial,"Hancock, WI",,,,,,Trial ID: 17248  Plot 402(6) Endura 8 oz/ac  Sample #10,,,,,,,,,,,,
1621,,WI,9-18-2017,No,trial,"Hancock, WI",,,,,,Trial ID: 17248  Plot 103(8) Aproach12 fl oz/ac @R1+R3  Sample #1,,,,,,,,,,,,
1622,,WI,9-18-2017,No,trial,"Hancock, WI",,,,,,Trial ID: 17248  Plot 103(8) Aproach12 fl oz/ac @R1+R3  Sample #2,,,,,,,,,,,,
1623,,WI,9-18-2017,No,trial,"Hancock, WI",,,,,,Trial ID: 17248  Plot 103(8) Aproach12 fl oz/ac @R1+R3  Sample #3,,,,,,,,,,,,
1624,,WI,9-18-2017,No,trial,"Hancock, WI",,,,,,Trial ID: 17248  Plot 103(8) Aproach12 fl oz/ac @R1+R3  Sample #4,,,,,,,,,,,,
1625,,WI,9-18-2017,No,trial,"Hancock, WI",,,,,,Trial ID: 17248  Plot 103(8) Aproach12 fl oz/ac @R1+R3  Sample #5,,,,,,,,,,,,
1626,,WI,9-18-2017,No,trial,"Hancock, WI",,,,,,Trial ID: 17248  Plot 103(8) Aproach12 fl oz/ac @R1+R3  Sample #6,,,,,,,,,,,,
1627,,WI,9-18-2017,No,trial,"Hancock, WI",,,,,,Trial ID: 17248  Plot 103(8) Aproach12 fl oz/ac @R1+R3  Sample #7,,,,,,,,,,,,
1628,,WI,9-18-2017,No,trial,"Hancock, WI",,,,,,Trial ID: 17248  Plot 103(8) Aproach12 fl oz/ac @R1+R3  Sample #8,,,,,,,,,,,,
1629,,WI,9-18-2017,No,trial,"Hancock, WI",,,,,,Trial ID: 17248  Plot 103(8) Aproach12 fl oz/ac @R1+R3  Sample #9,,,,,,,,,,,,
1630,,WI,9-18-2017,No,trial,"Hancock, WI",,,,,,Trial ID: 17248  Plot 103(8) Aproach12 fl oz/ac @R1+R3  Sample #10,,,,,,,,,,,,
1631,,WI,9-18-2017,No,trial,"Hancock, WI",,,,,,Trial ID: 17248  Plot 206(8) Aproach12 fl oz/ac @R1+R3  Sample #1,,,,,,,,,,,,
1632,,WI,9-18-2017,No,trial,"Hancock, WI",,,,,,Trial ID: 17248  Plot 206(8) Aproach12 fl oz/ac @R1+R3  Sample #2,,,,,,,,,,,,
1633,,WI,9-18-2017,No,trial,"Hancock, WI",,,,,,Trial ID: 17248  Plot 206(8) Aproach12 fl oz/ac @R1+R3  Sample #3,,,,,,,,,,,,
1634,,WI,9-18-2017,No,trial,"Hancock, WI",,,,,,Trial ID: 17248  Plot 206(8) Aproach12 fl oz/ac @R1+R3  Sample #4,,,,,,,,,,,,
1635,,WI,9-18-2017,No,trial,"Hancock, WI",,,,,,Trial ID: 17248  Plot 206(8) Aproach12 fl oz/ac @R1+R3  Sample #5,,,,,,,,,,,,
1636,,WI,9-18-2017,No,trial,"Hancock, WI",,,,,,Trial ID: 17248  Plot 206(8) Aproach12 fl oz/ac @R1+R3  Sample #6,,,,,,,,,,,,
1637,,WI,9-18-2017,No,trial,"Hancock, WI",,,,,,Trial ID: 17248  Plot 206(8) Aproach12 fl oz/ac @R1+R3  Sample #7,,,,,,,,,,,,
1638,,WI,9-18-2017,No,trial,"Hancock, WI",,,,,,Trial ID: 17248  Plot 206(8) Aproach12 fl oz/ac @R1+R3  Sample #8,,,,,,,,,,,,
1639,,WI,9-18-2017,No,trial,"Hancock, WI",,,,,,Trial ID: 17248  Plot 206(8) Aproach12 fl oz/ac @R1+R3  Sample #9,,,,,,,,,,,,
1640,,WI,9-18-2017,No,trial,"Hancock, WI",,,,,,Trial ID: 17248  Plot 206(8) Aproach12 fl oz/ac @R1+R3  Sample #10,,,,,,,,,,,,
1641,,WI,9-18-2017,No,trial,"Hancock, WI",,,,,,Trial ID: 17248  Plot 305(8) Aproach12 fl oz/ac @R1+R3  Sample #1,,,,,,,,,,,,
1642,,WI,9-18-2017,No,trial,"Hancock, WI",,,,,,Trial ID: 17248  Plot 305(8) Aproach12 fl oz/ac @R1+R3  Sample #2,,,,,,,,,,,,
1643,,WI,9-18-2017,No,trial,"Hancock, WI",,,,,,Trial ID: 17248  Plot 305(8) Aproach12 fl oz/ac @R1+R3  Sample #3,,,,,,,,,,,,
1644,,WI,9-18-2017,No,trial,"Hancock, WI",,,,,,Trial ID: 17248  Plot 305(8) Aproach12 fl oz/ac @R1+R3  Sample #4,,,,,,,,,,,,
1645,,WI,9-18-2017,No,trial,"Hancock, WI",,,,,,Trial ID: 17248  Plot 305(8) Aproach12 fl oz/ac @R1+R3  Sample #5,,,,,,,,,,,,
1646,,WI,9-18-2017,No,trial,"Hancock, WI",,,,,,Trial ID: 17248  Plot 305(8) Aproach12 fl oz/ac @R1+R3  Sample #6,,,,,,,,,,,,
1647,,WI,9-18-2017,No,trial,"Hancock, WI",,,,,,Trial ID: 17248  Plot 305(8) Aproach12 fl oz/ac @R1+R3  Sample #7,,,,,,,,,,,,
1648,,WI,9-18-2017,No,trial,"Hancock, WI",,,,,,Trial ID: 17248  Plot 305(8) Aproach12 fl oz/ac @R1+R3  Sample #8,,,,,,,,,,,,
1649,,WI,9-18-2017,No,trial,"Hancock, WI",,,,,,Trial ID: 17248  Plot 305(8) Aproach12 fl oz/ac @R1+R3  Sample #9,,,,,,,,,,,,
1650,,WI,9-18-2017,No,trial,"Hancock, WI",,,,,,Trial ID: 17248  Plot 305(8) Aproach12 fl oz/ac @R1+R3  Sample #10,,,,,,,,,,,,
1651,,WI,9-18-2017,No,trial,"Hancock, WI",,,,,,Trial ID: 17248  Plot 406(8) Aproach12 fl oz/ac @R1+R3  Sample #1,,,,,,,,,,,,
1652,,WI,9-18-2017,No,trial,"Hancock, WI",,,,,,Trial ID: 17248  Plot 406(8) Aproach12 fl oz/ac @R1+R3  Sample #2,,,,,,,,,,,,
1653,,WI,9-18-2017,No,trial,"Hancock, WI",,,,,,Trial ID: 17248  Plot 406(8) Aproach12 fl oz/ac @R1+R3  Sample #3,,,,,,,,,,,,
1654,,WI,9-18-2017,No,trial,"Hancock, WI",,,,,,Trial ID: 17248  Plot 406(8) Aproach12 fl oz/ac @R1+R3  Sample #4,,,,,,,,,,,,
1655,,WI,9-18-2017,No,trial,"Hancock, WI",,,,,,Trial ID: 17248  Plot 406(8) Aproach12 fl oz/ac @R1+R3  Sample #5,,,,,,,,,,,,
1656,,WI,9-18-2017,No,trial,"Hancock, WI",,,,,,Trial ID: 17248  Plot 406(8) Aproach12 fl oz/ac @R1+R3  Sample #6,,,,,,,,,,,,
1657,,WI,9-18-2017,No,trial,"Hancock, WI",,,,,,Trial ID: 17248  Plot 406(8) Aproach12 fl oz/ac @R1+R3  Sample #7,,,,,,,,,,,,
1658,,WI,9-18-2017,No,trial,"Hancock, WI",,,,,,Trial ID: 17248  Plot 406(8) Aproach12 fl oz/ac @R1+R3  Sample #8,,,,,,,,,,,,
1659,,WI,9-18-2017,No,trial,"Hancock, WI",,,,,,Trial ID: 17248  Plot 406(8) Aproach12 fl oz/ac @R1+R3  Sample #9,,,,,,,,,,,,
1660,,WI,9-18-2017,No,trial,"Hancock, WI",,,,,,Trial ID: 17248  Plot 406(8) Aproach12 fl oz/ac @R1+R3  Sample #10,,,,,,,,,,,,
1661,,WI,2017,No,trial,"Cuba City, WI",,,,,,"Bob Field 1 GPS: 42.594804, -90.456580   Sample #1",,,,,,,,,,,,
1662,,WI,2017,No,trial,"Cuba City, WI",,,42.594804N 90.456580W,,,"Bob Field 1 GPS: 42.594804, -90.456580   Sample #2",,,,,,,,,,,,
1663,,WI,2017,No,trial,"Cuba City, WI",,,42.594804N 90.456580W,,,"Bob Field 1 GPS: 42.594804, -90.456580   Sample #3",,,,,,,,,,,,
1664,,WI,2017,No,trial,"Cuba City, WI",,,42.594804N 90.456580W,,,"Bob Field 1 GPS: 42.594804, -90.456580   Sample #4",,,,,,,,,,,,
1665,,WI,2017,No,trial,"Cuba City, WI",,,42.594804N 90.456580W,,,"Bob Field 1 GPS: 42.594804, -90.456580   Sample #5",,,,,,,,,,,,
1666,,WI,2017,No,trial,"Cuba City, WI",,,42.594804N 90.456580W,,,"Bob Field 1 GPS: 42.594804, -90.456580   Sample #6",,,,,,,,,,,,
1667,,WI,2017,No,trial,"Cuba City, WI",,,42.594804N 90.456580W,,,"Bob Field 1 GPS: 42.594804, -90.456580   Sample #7",,,,,,,,,,,,
1668,,WI,2017,No,trial,"Cuba City, WI",,,42.594804N 90.456580W,,,"Bob Field 1 GPS: 42.594804, -90.456580   Sample #8",,,,,,,,,,,,
1669,,WI,2017,No,trial,"Cuba City, WI",,,42.594804N 90.456580W,,,"Bob Field 1 GPS: 42.594804, -90.456580   Sample #9",,,,,,,,,,,,
1670,,WI,2017,No,trial,"Cuba City, WI",,,42.594804N 90.456580W,,,"Bob Field 1 GPS: 42.594804, -90.456580   Sample #10",,,,,,,,,,,,
